Date,IV30,IV30 20-Day MA,OHLC 20-Day Vol,OHLC 52-Week Vol,Options Volume
7/13/2020,105.7,105.8515,116.473,92.7092,83128
7/10/2020,108.76,106.827,123.967,91.9986,175603
7/9/2020,107.75,108.158,125.624,91.771,146023
7/8/2020,97.55,108.4555,129.409,90.6113,134618
7/7/2020,100.15,109.3635,132.618,91.4902,101032
7/6/2020,91.33,110.2205,143.385,91.4662,80796
7/2/2020,93.86,111.535,147.38,91.3213,84376
7/1/2020,103.23,111.724,147.062,90.7202,156284
6/30/2020,94.51,111.1065,147.024,89.6226,63241
6/29/2020,99.49,110.779,146.294,90.4195,113076
6/26/2020,118.39,110.219,148.059,90.3001,119143
6/25/2020,101.91,109.1165,143.154,89.3625,118552
6/24/2020,107.21,108.7315,147.834,88.1491,114521
6/23/2020,103.13,107.8945,151.478,88.9742,129799
6/22/2020,103.92,107.633,151.161,88.805,101840
6/19/2020,111.61,106.9915,149.104,88.4145,200045
6/18/2020,112.32,106.18,148.51,88.2368,112441
6/17/2020,115.63,105.587,150.452,87.2358,90584
6/16/2020,122.2,105.014,154.174,87.5095,112161
6/15/2020,118.38,104.182,149.679,86.472,140099
6/12/2020,125.21,104.0625,145.94,85.117,254069
6/11/2020,135.38,103.9785,138.147,82.8873,292582
6/10/2020,113.7,102.8165,135.911,81.6261,210396
6/9/2020,115.71,102.5225,132.357,81.5781,154483
6/8/2020,117.29,101.848,130.869,80.7836,184176
6/5/2020,117.62,101.004,122.773,78.5391,285917
6/4/2020,97.64,100.545,117.771,77.5347,352249
6/3/2020,90.88,100.8215,116.712,76.3852,279460
6/2/2020,87.96,101.503,124.814,76.7843,60623
6/1/2020,88.29,102.246,126.836,76.652,81605
5/29/2020,96.34,102.8035,124.617,76.1357,103365
5/28/2020,94.21,102.8455,124.497,76.0053,115130
5/27/2020,90.47,103.1705,123.313,74.2537,174107
5/26/2020,97.9,103.559,112.643,73.6355,196746
5/22/2020,91.09,103.4275,112.48,73.4878,96881
5/21/2020,95.38,104.2355,113.554,73.4034,102363
5/20/2020,100.46,105.3475,118.909,72.9603,101107
5/19/2020,104.17,106.6235,115.918,72.7764,136445
5/18/2020,105.56,107.871,107.33,71.0846,176454
5/15/2020,115.99,108.2295,107.768,70.8144,122249
5/14/2020,123.53,108.4355,108.818,69.923,146012
5/13/2020,112.14,108.835,105.704,69.1981,128607
5/12/2020,107.82,109.4265,115.029,69.1995,104453
5/11/2020,102.22,110.2525,122.515,69.1164,81719
5/8/2020,100.41,111.803,121.447,68.4862,125356
5/7/2020,108.44,113.568,123.047,68.0997,94580
5/6/2020,103.17,115.3873,123.697,67.8216,93917
5/5/2020,104.51,117.1929,129.333,67.32,57882
5/4/2020,102.82,118.944,122.915,65.6175,116319
5/1/2020,99.44,121.2183,122.76,65.3572,95671
4/30/2020,97.18,123.9772,122.668,65.1573,94386
4/29/2020,100.71,127.261,122.487,64.0549,133104
4/28/2020,98.24,128.7995,124.336,64.2768,90193
4/27/2020,95.27,130.8375,125.231,64.1258,63520
4/24/2020,107.25,132.8553,128.337,63.9831,91565
4/23/2020,117.62,135.4001,135.024,63.9424,84665
4/22/2020,125.98,137.3394,139.905,62.7923,177770
4/21/2020,129.12,141.1696,141.044,63.4224,59039
4/20/2020,112.73,146.0173,145.86,63.1231,61148
4/17/2020,120.11,154.8594,149.888,62.8103,70938
4/16/2020,131.52,163.1632,152.174,62.1346,85955
4/15/2020,123.97,169.0219,156.818,61.0224,117747
4/14/2020,124.34,173.4281,160.47,61.604,67657
4/13/2020,133.23,177.1623,160.063,60.2999,82797
4/9/2020,135.71,179.0506,159.081,58.9155,129231
4/8/2020,144.825,181.6066,156.059,58.0194,64351
4/7/2020,139.283,180.3703,150.365,54.8836,77836
4/6/2020,139.532,179.9467,150.055,55.0447,70258
4/3/2020,148.306,179.1057,150.822,54.1097,87473
4/2/2020,154.619,177.4386,151.98,53.3879,64202
4/1/2020,162.856,174.762,144.497,50.9802,76523
3/31/2020,131.48,170.3212,145.128,51.1276,36870
3/30/2020,138.999,167.8943,140.833,49.7179,63771
3/27/2020,135.625,164.7194,139.529,49.2313,52523
3/26/2020,158.147,162.8089,138.513,48.0817,49050
3/25/2020,156.405,158.7912,131.478,45.4026,77004
3/24/2020,202.586,154.0531,121.675,42.9612,66629
3/23/2020,226.074,146.5385,119.538,42.2781,41357
3/20/2020,289.571,137.2934,107.814,39.5416,77951
3/19/2020,286.186,124.6064,94.3598,36.5339,51405
3/18/2020,248.693,111.9217,86.7908,34.9043,86317
3/17/2020,212.095,101.0752,79.8347,33.435,64799
3/16/2020,199.024,92.1114,73.8471,32.2268,71654
3/13/2020,170.995,83.8088,68.0103,31.1018,93018
3/12/2020,186.831,76.9305,62.8,30.1374,75654
3/11/2020,120.099,69.1989,60.0628,30.1306,37201
3/10/2020,130.81,64.8895,55.8589,29.0572,53449
3/9/2020,122.713,60.0974,51.8364,28.3914,50974
3/6/2020,114.963,55.6735,48.6038,27.8326,86854
3/5/2020,101.088,51.5561,45.7082,27.228,89021
3/4/2020,74.039,48.112,45.2008,27.321,60905
3/3/2020,82.942,46.0807,42.8636,26.6046,68876
3/2/2020,75.502,43.6305,41.6058,26.3101,84558
2/28/2020,97.415,41.687,41.2091,25.9898,68514
2/27/2020,77.794,38.4124,39.9667,25.6991,96150
2/26/2020,61.642,36.13,38.0769,25.8172,87435
2/25/2020,52.293,34.6132,37.7684,25.1151,60737
2/24/2020,41.174,33.6744,37.1799,24.8079,40570
2/21/2020,35.831,33.1113,37.6861,24.7473,31246
2/20/2020,32.492,32.5834,37.0572,24.697,19162
2/19/2020,31.763,32.1924,39.5979,25.0525,28292
2/18/2020,32.817,32.2241,36.7035,24.6291,36600
2/14/2020,32.974,32.0006,36.1633,24.569,32609
2/13/2020,33.428,31.8085,35.8269,24.522,18784
2/12/2020,32.199,31.5888,38.9995,25.0157,29538
2/11/2020,33.912,31.4707,35.703,24.5841,17781
2/10/2020,34.967,31.1744,35.2021,24.5401,29017
2/7/2020,34.234,30.8589,35.394,24.5767,30321
2/6/2020,32.616,30.5973,36.4018,24.4797,34309
2/5/2020,32.207,30.4608,36.4352,24.7302,50241
2/4/2020,33.413,30.2646,33.4762,24.0453,59584
2/3/2020,33.936,29.9817,32.376,23.9256,24970
1/31/2020,36.633,29.718,30.575,23.6947,66737
1/30/2020,31.924,29.2444,28.326,23.4747,54880
1/29/2020,32.145,29.0133,30.6342,23.7402,43595
1/28/2020,31.305,28.7724,26.1299,23.3276,73948
1/27/2020,33.517,28.6041,23.7312,23.0849,60849
1/24/2020,29.913,28.2736,21.2816,23.0124,78767
1/23/2020,25.272,28.0966,19.616,22.9255,40554
1/22/2020,24.673,28.0751,22.0571,23.2274,58615
1/21/2020,32.397,28.0609,19.4757,22.9463,88040
1/17/2020,28.348,27.6273,19.4743,22.9244,34993
1/16/2020,29.13,27.3724,19.5353,23.0201,22335
1/15/2020,29.035,27.0625,19.6445,23.3377,12928
1/14/2020,29.837,26.6972,18.5328,22.9908,28288
1/13/2020,27.986,26.2621,19.3881,23.0197,15581
1/10/2020,28.656,25.951,19.4404,23.2876,16958
1/9/2020,29.003,25.6121,19.6863,23.5398,16343
1/8/2020,29.886,25.2384,19.3261,23.9017,20945
1/7/2020,28.283,24.8201,19.6793,23.6503,10549
1/6/2020,27.755,24.4518,19.5398,23.7484,10412
1/3/2020,28.662,24.1229,16.6122,23.7665,28494
1/2/2020,27.161,23.83,17.0789,23.9058,11734
12/31/2019,27.303,23.6332,17.7783,24.2156,6320
12/30/2019,27.327,23.3248,17.7276,23.9948,12781
12/27/2019,27.938,22.9382,17.4742,24.2798,13235
12/26/2019,26.906,22.5273,17.4287,24.5782,7154
12/24/2019,26.374,22.1338,17.5877,24.9597,6652
12/23/2019,24.842,21.8092,17.5783,24.8977,17715
12/20/2019,24.39,21.6507,17.7333,24.9965,9169
12/19/2019,23.725,21.5914,18.3289,25.0631,15050
12/18/2019,23.248,21.5356,18.1954,25.3542,4826
12/17/2019,22.933,21.4593,18.3161,25.1621,8001
12/16/2019,21.729,21.3596,18.1756,25.324,8168
12/13/2019,21.136,21.2724,18.0359,25.4507,16049
12/12/2019,21.762,21.266,17.101,25.4265,15688
12/11/2019,21.879,21.2394,17.0846,25.7222,14079
12/10/2019,21.53,21.1946,16.8931,25.5183,15177
12/9/2019,21.519,21.1457,16.7974,25.8154,17750
12/6/2019,20.917,21.1023,16.8687,25.9085,18463
12/5/2019,21.178,21.1162,16.3431,26.1727,12795
12/4/2019,22.804,21.0727,15.9977,26.4239,20957
12/3/2019,23.224,20.976,14.386,26.1574,27035
12/2/2019,21.135,20.8677,13.9571,26.1334,14287
11/29/2019,19.596,20.8879,14.0692,26.1381,10249
11/27/2019,19.72,20.9827,14.1811,26.1626,11572
11/26/2019,19.035,21.0667,14.4928,26.7135,11829
11/25/2019,19.881,21.1986,14.3425,26.5139,11837
11/22/2019,21.672,21.2679,16.0629,26.5247,8886
11/21/2019,23.205,21.2446,16.9083,26.5776,9620
11/20/2019,22.609,21.2429,16.3523,26.794,15249
11/19/2019,21.722,21.233,16.7589,26.6307,13144
11/18/2019,20.938,21.279,16.576,26.8131,14782
11/15/2019,19.986,21.3159,16.575,26.8355,12712
11/14/2019,21.008,21.4307,16.7878,26.8487,7719
11/13/2019,21.23,21.4818,18.4643,27.0909,7407
11/12/2019,20.983,21.57,19.6548,26.8897,10493
11/11/2019,20.552,21.9701,20.2859,26.8853,11067
11/8/2019,20.651,22.4272,21.2814,26.9773,9196
11/7/2019,21.195,22.9774,21.3894,26.9633,14626
11/6/2019,20.308,23.5984,21.5053,26.9657,5465
11/5/2019,20.871,24.2845,23.3846,27.0049,7232
11/4/2019,21.057,24.9357,26.4527,27.1247,6562
11/1/2019,21.539,25.4791,27.129,27.1921,9970
10/31/2019,21.492,26.0301,27.0849,27.2352,8146
10/30/2019,21.399,26.6857,27.4659,27.5759,11323
10/29/2019,21.674,27.3473,27.8263,27.4896,5559
10/28/2019,21.266,27.8411,27.9971,27.7246,11142
10/25/2019,21.208,28.2808,27.4301,27.956,12558
10/24/2019,23.17,28.8148,26.8828,28.0393,14072
10/23/2019,22.411,29.1624,27.6026,28.2409,6836
10/22/2019,22.642,29.4965,26.6314,28.0571,7383
10/21/2019,21.676,29.8841,26.7107,28.1304,14808
10/18/2019,22.283,30.2236,27.0259,28.2669,21248
10/17/2019,22.03,30.5222,29.1305,28.3123,19316
10/16/2019,22.992,30.8059,26.705,28.6654,70307
10/15/2019,28.986,31.0795,29.1305,28.3275,52206
10/14/2019,29.693,31.0501,29.1305,28.498,28815
10/11/2019,31.655,30.9528,29.0288,28.697,11093
10/10/2019,33.615,30.5476,27.8599,28.7289,15629
10/9/2019,34.031,30.0181,27.3702,29.1526,13664
10/8/2019,33.896,29.5136,26.6221,28.7555,12447
10/7/2019,31.924,29.0249,26.3434,28.7466,7235
10/4/2019,32.558,28.6295,26.4208,28.7414,7198
10/3/2019,34.606,28.163,25.4016,28.6153,13104
10/2/2019,34.631,27.6688,22.4801,28.8444,25467
10/1/2019,31.549,27.2633,21.7536,28.3387,9609
9/30/2019,30.061,27.0387,22.0575,28.3457,6071
9/27/2019,31.887,26.8512,22.0935,28.302,8258
9/26/2019,30.122,26.5602,22.1557,28.3002,7867
9/25/2019,29.094,26.4813,23.9029,28.8032,10468
9/24/2019,30.392,26.4993,23.644,28.3412,17420
9/23/2019,28.466,26.4117,25.7236,28.3395,9474
9/20/2019,28.257,26.5124,25.7413,28.3421,10768
9/19/2019,27.702,26.3923,25.8232,28.3727,8236
9/18/2019,28.466,26.2444,25.7252,28.8103,10431
9/17/2019,28.398,26.1036,25.7719,28.3426,31991
9/16/2019,27.746,25.9507,23.4161,28.1703,17719
9/13/2019,23.551,25.9438,22.9596,28.1518,20579
9/12/2019,23.025,26.3018,24.3698,28.1652,14106
9/11/2019,23.941,26.761,25.6051,28.6099,14436
9/10/2019,24.122,26.9492,26.3171,28.2456,10751
9/9/2019,24.016,27.2076,26.3222,28.2486,23402
9/6/2019,23.229,27.3582,26.2676,28.3396,17267
9/5/2019,24.722,27.517,26.7496,28.2986,17755
9/4/2019,26.521,27.7579,26.545,28.7208,10440
9/3/2019,27.056,27.8681,28.8419,28.2597,14076
8/30/2019,26.31,28.0466,28.7186,28.2438,16685
8/29/2019,26.068,28.0121,28.6861,28.1882,28832
8/28/2019,28.543,27.9601,29.0079,28.6254,19580
8/27/2019,29.455,27.6599,27.6116,28.0405,19162
8/26/2019,28.64,27.2703,27.4374,28.0392,24902
8/23/2019,30.481,26.9174,25.4207,27.8626,11867
8/22/2019,25.854,26.5006,25.7635,27.8722,4483
8/21/2019,24.745,26.3493,25.623,28.5496,7598
8/20/2019,25.65,26.2139,25.6479,28.0891,5761
8/19/2019,25.339,25.9944,25.3206,28.0787,12501
8/16/2019,27.607,25.8026,25.6664,28.0818,12807
8/15/2019,30.711,25.5156,25.7536,28.097,19870
8/14/2019,32.21,25.0526,24.8331,28.4492,19113
8/13/2019,27.705,24.5522,23.8002,27.9059,7283
8/12/2019,29.291,24.5851,23.6429,27.8545,19532
8/9/2019,27.028,24.47,23.6541,27.8464,8952
8/8/2019,26.404,24.4845,23.7704,27.8407,8284
8/7/2019,29.541,24.5722,23.9724,28.2221,18236
8/6/2019,28.724,24.5279,23.4767,27.7443,10603
8/5/2019,30.625,24.5717,21.1065,27.5775,21627
8/2/2019,25.621,24.483,21.9154,27.5825,9182
8/1/2019,25.027,24.7081,21.1638,27.5259,9691
7/31/2019,22.539,24.9,21.4119,27.9792,7969
7/30/2019,21.663,25.1831,20.4041,27.5101,4892
7/29/2019,21.582,25.5555,21.2363,27.5282,5864
7/26/2019,22.145,26.0422,21.2056,27.5283,8465
7/25/2019,22.828,26.52,21.1309,27.5725,18573
7/24/2019,22.038,27.0178,22.7844,28.0533,16519
7/23/2019,21.259,27.5567,22.8595,27.5794,11492
7/22/2019,21.504,28.0473,23.0292,27.6004,10550
7/19/2019,21.866,28.565,22.4313,27.7068,19886
7/18/2019,21.452,29.0238,22.6686,27.7444,25314
7/17/2019,22.202,29.3839,23.6251,28.3728,68249
7/16/2019,28.363,29.702,22.6686,27.7343,101322
7/15/2019,26.989,29.693,22.6686,27.7804,19974
7/12/2019,27.318,29.6724,24.6014,27.8718,22802
7/11/2019,28.158,29.6008,24.4895,27.8876,16164
7/10/2019,28.655,29.4636,24.2954,28.4777,32273
7/9/2019,29.6,29.3062,24.5478,27.8401,24851
7/8/2019,28.851,29.107,24.9084,27.8264,12808
7/5/2019,30.123,28.938,25.3821,27.8582,16858
7/3/2019,28.866,28.7662,25.0901,27.9072,9837
7/2/2019,28.199,28.6315,25.9011,28.4885,20079
7/1/2019,29.113,28.5553,25.4588,27.8234,16654
6/28/2019,31.316,28.536,25.9104,27.8871,5407
6/27/2019,31.699,28.4433,25.9488,27.8788,4936
6/26/2019,32.785,28.2071,26.2504,28.567,6630
6/25/2019,32.815,27.9352,25.6547,27.9465,9368
6/24/2019,31.072,27.5954,25.8074,27.9829,4793
6/21/2019,31.858,27.3981,25.9623,27.9855,9823
6/20/2019,31.042,27.2538,24.6952,27.9039,12623
6/19/2019,28.655,26.9564,24.7237,28.5661,5457
6/18/2019,28.562,26.7303,24.5479,27.944,9433
6/17/2019,28.184,26.6022,24.6474,27.9652,5135
6/14/2019,26.578,26.4628,24.5515,27.955,12358
6/13/2019,25.886,26.3727,22.7137,27.7648,30601
6/12/2019,25.412,26.368,23.0186,28.4779,6931
6/11/2019,25.508,26.4076,24.0083,27.8302,4774
6/10/2019,25.615,26.5766,26.4841,27.8118,7180
6/7/2019,25.473,26.615,27.2441,28.0295,7856
6/6/2019,26.686,26.7386,26.5353,27.9748,9213
6/5/2019,26.173,26.7355,27.0321,28.5931,7971
6/4/2019,26.675,26.778,26.1796,27.8573,5870
6/3/2019,28.726,26.6138,25.811,27.8419,4845
5/31/2019,29.463,26.3041,25.4028,27.8014,8651
5/30/2019,26.974,25.9754,25.4944,27.8832,4563
5/29/2019,27.346,25.7556,25.2436,28.5334,16026
5/28/2019,26.02,25.5537,25.818,27.9136,16090
5/24/2019,27.127,25.3512,26.0888,27.9102,5350
5/23/2019,28.972,25.1072,25.8647,27.9264,22594
5/22/2019,25.094,24.8312,25.8721,28.5892,6003
5/21/2019,24.132,24.7232,25.662,27.9568,4664
5/20/2019,26,24.6463,25.6256,27.9533,9599
5/17/2019,25.396,24.5205,26.0219,28.0478,13392
5/16/2019,24.776,24.4224,25.8007,28.1069,8528
5/15/2019,25.791,24.3843,28.3481,28.7094,11596
5/14/2019,26.204,24.7602,25.8682,28.0711,3752
5/13/2019,28.889,25.0872,24.6297,27.964,15914
5/10/2019,26.382,25.204,21.5954,27.8072,30842
5/9/2019,27.945,25.4446,19.9938,27.7688,19075
5/8/2019,26.625,25.6474,23.5937,28.4141,9807
5/7/2019,27.024,25.9204,19.4697,27.7717,13706
5/6/2019,23.391,26.119,22.9302,27.7542,10093
5/3/2019,22.53,26.5207,23.2869,27.7809,8301
5/2/2019,22.89,26.9744,23.3099,27.7879,6295
5/1/2019,22.577,27.3995,26.0472,28.413,3750
4/30/2019,23.309,27.837,23.5896,27.8079,9981
4/29/2019,21.971,28.2225,23.2895,27.8582,13195
4/26/2019,22.245,28.7757,23.7698,27.8704,9942
4/25/2019,23.452,29.2834,23.9901,27.9923,9712
4/24/2019,22.935,29.7495,26.085,28.6991,6122
4/23/2019,22.594,30.2715,24.6571,28.1364,5320
4/22/2019,23.485,30.8215,24.5937,28.177,8242
4/18/2019,23.433,31.2808,24.1709,28.2401,16578
4/17/2019,24.013,31.6495,24.1649,28.1983,43198
4/16/2019,33.309,31.9523,24.1705,28.826,37601
4/15/2019,32.744,31.6552,24.1581,28.1651,23785
4/12/2019,31.225,31.2607,24.1835,28.2013,13673
4/11/2019,31.195,30.7894,23.8459,28.4002,9861
4/10/2019,32.002,30.3673,23.3401,29.1538,19993
4/9/2019,32.084,29.9459,26.0793,28.5035,7216
4/8/2019,30.997,29.6627,25.9571,28.5888,6232
4/5/2019,31.424,29.3431,26.1032,28.5912,6805
4/4/2019,31.605,29.101,26.4303,28.7105,5806
4/3/2019,31.391,28.8474,26.1637,29.5291,13231
4/2/2019,31.326,28.513,22.6191,28.78,16241
4/1/2019,31.021,28.1466,24.7021,28.8219,11615
3/29/2019,33.035,27.8755,25.7056,28.8293,6832
3/28/2019,32.398,27.4821,25.6131,28.8787,13213
3/27/2019,32.775,27.1201,25.7712,29.5398,7797
3/26/2019,33.374,26.7423,25.8494,28.9218,12452
3/25/2019,33.594,26.24,25.1473,28.8909,13535
3/22/2019,32.672,25.7014,24.7025,28.964,25644
3/21/2019,30.806,25.2479,24.4162,28.9494,8362
3/20/2019,30.069,24.9354,24.4308,29.5918,9556
3/19/2019,27.367,24.6206,24.8631,28.9404,3229
3/18/2019,24.853,24.4207,25.1826,28.9634,11999
3/15/2019,21.799,24.3962,25.155,29.0546,9755
3/14/2019,22.754,24.5102,25.1275,29.0844,4123
3/13/2019,23.573,24.5704,26.0502,29.7492,12503
3/12/2019,26.421,24.6336,23.2357,28.9293,20208
3/11/2019,24.606,24.5438,23.5346,29.0157,10875
3/8/2019,26.58,24.6105,23.942,29.0368,8119
3/7/2019,26.534,24.5758,23.5272,29.0225,18066
3/6/2019,24.703,24.472,23.541,29.6933,10320
3/5/2019,23.998,24.4601,23.6455,29.145,10639
3/4/2019,25.599,24.4939,21.354,29.048,18366
3/1/2019,25.168,24.482,20.0166,28.9781,12306
2/28/2019,25.158,24.5175,20.6475,29.013,9931
2/27/2019,25.219,24.5442,20.1457,29.6438,9704
2/26/2019,23.326,24.6327,20.5475,28.993,17166
2/25/2019,22.823,24.8431,20.772,29.0007,6079
2/22/2019,23.602,25.1311,22.6223,29.0889,6556
2/21/2019,24.557,25.3706,23.3837,29.0918,3002
2/20/2019,23.772,25.5944,24.2161,29.6894,17711
2/19/2019,23.37,25.871,24.5413,29.049,7418
2/15/2019,24.362,26.0236,24.3046,29.0407,16078
2/14/2019,24.079,26.2043,24.5551,29.2138,7695
2/13/2019,23.958,26.4289,28.1375,29.8694,2482
2/12/2019,24.837,27.0032,29.3972,29.5041,14678
2/11/2019,24.626,27.5771,30.2841,29.6334,4473
2/8/2019,25.938,28.1802,30.4267,29.7231,7281
2/7/2019,25.887,28.8201,31.0844,29.8377,15176
2/6/2019,24.458,29.4336,33.2617,30.5894,4252
2/5/2019,24.465,30.1688,35.2978,29.9896,8885
2/4/2019,24.675,30.9002,35.3473,30.0062,5733
2/1/2019,25.361,31.7469,35.6639,30.0508,8067
1/31/2019,25.877,32.6575,38.1411,30.0728,8117
1/30/2019,25.692,33.3474,37.9265,30.6604,10050
1/29/2019,26.988,34.0616,40.8497,30.0277,6141
1/28/2019,27.534,34.875,41.8508,30.3163,8945
1/25/2019,28.584,35.7962,42.5423,30.4236,15291
1/24/2019,28.391,36.721,42.0479,30.3648,8837
1/23/2019,29.034,37.5916,43.539,31.1957,11383
1/22/2019,29.303,38.223,41.6237,30.2859,11721
1/18/2019,26.423,38.7145,42.2641,30.2355,14903
1/17/2019,27.977,39.1454,43.0116,30.2455,16564
1/16/2019,28.571,39.4314,41.2969,30.7127,62380
1/15/2019,35.443,39.7487,42.7713,30.1436,52312
1/14/2019,36.315,39.6267,42.8655,30.3688,17033
1/11/2019,36.688,39.3935,43.074,30.6992,21810
1/10/2019,38.736,39.0951,40.7593,30.3931,43080
1/9/2019,38.157,38.8054,39.5785,30.843,17757
1/8/2019,39.162,38.5835,41.3996,30.139,28379
1/7/2019,39.092,38.2679,41.9339,30.1304,8849
1/4/2019,41.609,37.8167,43.1483,30.0428,13535
1/3/2019,43.574,37.2028,41.0409,29.7852,19646
1/2/2019,39.675,36.2884,40.2523,29.6341,7273
12/31/2018,39.976,35.6291,40.1486,29.6123,7675
12/28/2018,43.257,34.9608,39.7737,29.5701,10334
12/27/2018,45.956,34.1289,37.4397,29.2714,22143
12/26/2018,47.081,33.2448,37.268,29.574,14149
12/24/2018,45.803,32.2739,36.8461,28.8733,4634
12/21/2018,41.662,31.4556,35.4529,28.7471,8100
12/20/2018,39.132,30.8002,35.2126,28.6655,27052
12/19/2018,35.041,30.3946,34.8272,29.2722,8666
12/18/2018,33.699,30.0427,35.0839,28.6033,8040
12/17/2018,34.917,29.7452,36.0019,28.5737,7339
12/14/2018,33.001,29.481,34.9448,28.4445,15825
12/13/2018,31.651,29.2889,34.0266,28.3714,24108
12/12/2018,30.722,29.055,33.988,29.0146,8867
12/11/2018,32.941,28.9165,33.7677,28.4234,20339
12/10/2018,33.72,28.5709,33.2646,28.4529,10394
12/7/2018,32.85,28.1402,31.1879,28.1467,19714
12/6/2018,30.066,27.7677,30.2542,28.0457,12390
12/4/2018,29.331,27.6785,27.2134,28.5059,15993
12/3/2018,25.288,27.6688,27.3671,27.8565,12259
11/30/2018,26.488,27.9002,27.9985,27.8448,11651
11/29/2018,26.609,28.0306,28.7572,27.9495,10494
11/28/2018,26.621,28.2236,29.2308,28.6316,7596
11/27/2018,28.272,28.5124,30.3782,27.963,8662
11/26/2018,27.664,28.7654,28.613,27.653,16877
11/23/2018,29.437,29.0506,30.42,27.618,6925
11/21/2018,28.554,29.1991,33.0024,27.6252,7983
11/20/2018,31.02,29.4314,33.6414,28.2237,12054
11/19/2018,28.004,29.3719,33.638,27.5667,3568
11/16/2018,27.748,29.3076,33.2763,27.5327,11509
11/15/2018,29.633,29.3024,32.3753,27.3755,6661
11/14/2018,29.16,29.2232,34.631,28.0158,7923
11/13/2018,26.971,29.0413,34.5711,27.3607,9989
11/12/2018,27.952,29.3274,36.3975,27.356,4702
11/9/2018,26.03,29.707,37.4044,27.3457,8494
11/8/2018,25.105,30.3465,37.7445,27.3515,6957
11/7/2018,25.402,31.132,38.6934,28.0032,23453
11/6/2018,28.281,31.799,37.9203,27.3882,4642
11/5/2018,29.137,32.1165,37.8926,27.4517,4481
11/2/2018,29.917,32.3066,37.6361,27.4109,12296
11/1/2018,29.095,32.4486,37.1903,27.3002,13061
10/31/2018,30.47,32.6196,39.0779,27.8829,8909
10/30/2018,32.396,32.5916,36.1868,27.2158,9932
10/29/2018,33.333,32.4843,35.1336,27.0949,6186
10/26/2018,33.367,32.2826,34.1901,27.0557,15080
10/25/2018,32.406,32.0774,32.8758,26.8497,12561
10/24/2018,33.201,31.9072,32.9891,27.2755,21685
10/23/2018,29.83,31.6861,29.0552,26.5278,15906
10/22/2018,26.719,31.6105,28.8997,26.575,6915
10/19/2018,27.643,31.6733,29.0143,26.649,18822
10/18/2018,28.05,31.6266,28.2427,26.6147,16592
10/17/2018,25.52,31.514,28.9594,27.102,28829
10/16/2018,32.693,31.5371,28.2427,26.5122,41910
10/15/2018,35.545,31.1616,28.2427,26.4799,15510
10/12/2018,38.819,30.6176,27.3976,26.4092,5959
10/11/2018,40.815,29.8069,25.4752,26.2024,22528
10/10/2018,38.744,28.8908,22.7675,26.8164,27111
10/9/2018,34.629,28.1577,21.0705,26.1153,31533
10/8/2018,32.941,27.5868,20.4643,26.1024,12329
10/5/2018,32.755,27.1063,20.2967,26.0046,15101
10/4/2018,32.516,26.6556,20.1347,26.0382,14839
10/3/2018,29.91,26.2178,21.6885,26.9611,7670
10/2/2018,30.25,25.9,21.6028,26.3719,12548
10/1/2018,29.3,25.5339,20.6551,26.3063,5690
9/28/2018,29.263,25.1877,20.6146,26.3168,17710
9/27/2018,29.002,24.8228,20.4502,26.3631,9700
9/26/2018,28.779,24.4635,20.2749,26.9413,8300
9/25/2018,28.317,24.128,20.0914,26.3585,9295
9/24/2018,27.974,23.8128,19.1389,26.286,12253
9/21/2018,26.711,23.5492,19.1937,26.289,12086
9/20/2018,25.796,23.3395,19.2495,26.3124,8332
9/19/2018,25.982,23.1913,19.4145,26.9085,7715
9/18/2018,25.184,23.0563,22.032,26.4474,8161
9/17/2018,24.665,22.9313,21.835,26.5456,27062
9/14/2018,22.604,22.7661,22.2275,26.5456,13711
9/13/2018,22.494,22.7408,21.8498,26.516,22840
9/12/2018,24.082,22.8064,21.9012,27.0998,6668
9/11/2018,23.211,22.691,21.7104,26.6259,13169
9/10/2018,23.331,22.6651,22.0065,26.6285,11678
9/7/2018,23.74,22.6191,20.877,26.7136,17286
9/6/2018,23.76,22.5032,20.6679,27.0521,13655
9/5/2018,23.555,22.4089,19.0638,27.5973,16657
9/4/2018,22.928,22.3318,19.016,26.9801,11910
8/31/2018,22.375,22.3028,18.9783,27.0068,8024
8/30/2018,21.965,22.3487,20.3619,27.0227,19776
8/29/2018,21.817,22.4179,20.6072,27.6973,13066
8/28/2018,22.07,22.5735,20.5589,27.0926,13285
8/27/2018,22.013,22.6559,20.8963,27.2124,10413
8/24/2018,22.701,22.7962,21.0423,27.3195,12876
8/23/2018,22.517,22.8873,21.1814,27.3912,7156
8/22/2018,22.833,22.97,21.0758,27.993,13514
8/21/2018,23.281,23.1114,21.8992,27.381,34604
8/20/2018,22.684,23.1679,18.7706,27.1653,45005
8/17/2018,21.361,23.2357,18.9469,27.3362,7739
8/16/2018,22.098,23.3985,19.0591,27.3152,8349
8/15/2018,23.806,23.5467,23.0051,27.9008,6162
8/14/2018,21.773,23.6355,20.5916,27.2941,5000
8/13/2018,22.694,24.1006,22.2657,27.2925,5536
8/10/2018,22.411,24.4977,22.4824,27.3715,10710
8/9/2018,21.421,24.9398,22.5049,27.3677,9790
8/8/2018,21.875,25.4858,25.7977,27.9699,9730
8/7/2018,22.012,26.0695,22.4756,27.3802,9809
8/6/2018,22.349,26.5641,23.3426,27.3835,16228
8/3/2018,23.293,26.9983,24.5337,27.395,11755
8/2/2018,23.349,27.4812,23.4554,27.319,25011
8/1/2018,24.929,27.9806,25.9415,27.9189,7989
7/31/2018,23.718,28.4597,24.6102,27.3281,5218
7/30/2018,24.819,28.9813,24.3461,27.3187,12199
7/27/2018,24.523,29.5126,24.8313,27.4173,17829
7/26/2018,24.171,30.0895,25.313,27.406,59534
7/25/2018,25.661,30.6456,27.4246,28.1102,17652
7/24/2018,24.41,31.1201,25.2579,27.4682,22693
7/23/2018,24.041,31.6285,25.5694,27.4686,25454
7/20/2018,24.617,32.0136,26.1792,27.6158,35199
7/19/2018,25.062,32.3369,26.0705,27.6899,70165
7/18/2018,25.583,32.5225,25.3213,28.1635,90734
7/17/2018,31.074,32.6833,26.0705,27.6096,59903
7/16/2018,30.635,32.4655,26.0705,27.5688,9350
7/13/2018,31.255,32.1948,25.8158,27.5371,21920
7/12/2018,32.339,31.8928,24.9062,27.6531,19721
7/11/2018,33.551,31.5535,23.4473,28.1436,28601
7/10/2018,31.903,31.1582,24.2787,27.5248,13715
7/9/2018,31.033,30.8309,24.2151,27.537,13975
7/6/2018,32.951,30.5763,24.3875,27.642,6643
7/5/2018,33.337,30.2495,27.2577,27.687,6535
7/3/2018,34.51,29.9197,26.7128,28.2466,3855
7/2/2018,34.152,29.5041,25.76,27.5758,7856
6/29/2018,35.443,29.0835,25.9694,27.6235,5908
6/28/2018,36.062,28.6084,25.7159,27.6031,4266
6/27/2018,35.293,28.1219,24.8318,28.1442,17149
6/26/2018,35.15,27.6579,25.9688,27.5921,3760
6/25/2018,34.579,27.2736,25.739,27.5302,11201
6/22/2018,31.744,26.8384,25.2163,27.509,8217
6/21/2018,31.082,26.5616,24.7982,27.4745,15412
6/20/2018,28.774,26.3134,25.1221,28.1496,5413
6/19/2018,28.798,26.1997,25.2652,27.5921,10195
6/18/2018,26.72,26.0448,24.7168,27.5488,13885
6/15/2018,25.219,25.9827,24.4654,27.558,15057
6/14/2018,25.216,25.9531,25.4155,27.572,9474
6/13/2018,25.553,25.955,26.1649,28.202,6333
6/12/2018,25.645,25.9974,26.3422,27.6985,9116
6/11/2018,25.358,26.0388,25.3415,27.7439,31161
6/8/2018,25.94,26.1028,25.2926,27.7638,12180
6/7/2018,26.415,26.2062,26.3135,27.9308,8524
6/6/2018,26.741,26.3029,24.3299,28.2791,10599
6/5/2018,26.198,26.3301,24.4895,27.6743,24698
6/4/2018,25.739,26.3538,24.9834,27.6911,9809
6/1/2018,25.942,26.4064,25.137,27.6951,10086
5/31/2018,26.332,26.4871,25.3735,27.6982,6369
5/30/2018,26.012,26.5431,25.6061,28.3302,6638
5/29/2018,27.465,26.5875,24.7198,27.6583,15302
5/25/2018,25.876,26.5471,24.4984,27.7692,18384
5/24/2018,26.207,26.6029,25.4999,27.7612,7385
5/23/2018,26.119,26.7416,25.9703,28.3461,4755
5/22/2018,26.499,26.8932,26.9189,27.7142,11598
5/21/2018,25.699,27.0494,27.5233,27.759,16835
5/18/2018,25.479,27.1661,28.0416,27.7712,13350
5/17/2018,24.628,27.2955,28.5478,27.9115,11935
5/16/2018,25.254,27.4697,30.5403,28.4179,16674
5/15/2018,26.399,27.5637,27.2425,27.8088,10226
5/14/2018,26.474,27.9519,29.2943,27.7936,12409
5/11/2018,26.639,28.3675,30.5529,27.8001,15479
5/10/2018,28.008,28.9118,30.8533,27.7995,16384
5/9/2018,28.347,29.523,30.8383,27.961,12725
5/8/2018,27.286,30.1206,30.1302,27.8857,15157
5/7/2018,26.671,30.7227,31.1781,27.8559,8428
5/4/2018,26.792,31.3374,32.4394,27.8163,7558
5/3/2018,27.556,31.924,34.1207,27.8112,5399
5/2/2018,27.452,32.3775,33.6193,28.7373,5245
5/1/2018,26.899,32.802,34.487,28.1326,10025
4/30/2018,26.658,33.3084,34.9164,28.1203,8324
4/27/2018,26.993,33.8367,34.991,28.3244,14272
4/26/2018,28.979,34.3082,34.7167,28.2401,31955
4/25/2018,29.152,34.8167,36.6069,28.8444,14028
4/24/2018,29.624,35.2193,34.4109,28.1228,13980
4/23/2018,28.033,35.5077,33.5119,28.0307,15627
4/20/2018,28.065,36.0418,33.203,27.9849,29973
4/19/2018,28.112,36.4119,32.8131,27.9845,26782
4/18/2018,27.134,36.5564,33.0503,28.6345,64187
4/17/2018,34.163,36.6996,32.8131,27.9999,57185
4/16/2018,34.787,36.4955,32.8131,28.0002,16168
4/13/2018,37.525,36.0915,32.9221,28.095,11244
4/12/2018,40.231,35.5752,33.4686,28.2542,21019
4/11/2018,40.3,34.9472,31.7918,28.6961,19682
4/10/2018,39.327,34.3115,30.8441,27.9406,24650
4/9/2018,38.965,33.7512,31.1381,27.9266,10485
4/6/2018,38.526,33.2165,31.1023,27.8756,12132
4/5/2018,36.625,32.7784,31.4266,27.9091,12337
4/4/2018,35.942,32.3937,30.357,28.4435,7487
4/3/2018,37.027,32.0452,28.9946,27.6215,9220
4/2/2018,37.224,31.6407,27.7759,27.4188,25235
3/29/2018,36.422,31.3261,28.0322,27.3639,11841
3/28/2018,39.15,31.0764,28.0408,27.5492,10865
3/27/2018,37.204,30.6124,27.8118,28.2806,8581
3/26/2018,35.392,30.1959,27.9239,27.609,10137
3/23/2018,38.715,29.7501,27.2465,27.5763,8092
3/22/2018,35.467,29.1999,27.059,27.7834,11853
3/21/2018,31.001,28.8472,26.9146,28.6311,10686
3/20/2018,29.999,28.7761,26.9242,27.9878,5966
3/19/2018,30.082,28.7281,26.7531,28.0044,7930
3/16/2018,26.707,28.6809,26.8609,28.0343,18454
3/15/2018,27.198,28.8082,26.7351,28.3932,10908
3/14/2018,27.67,28.9373,27.6045,29.3154,12688
3/13/2018,27.586,29.1456,27.662,28.7856,24927
3/12/2018,28.122,29.4571,30.788,28.7629,22814
3/9/2018,28.272,30.0611,31.5849,28.7184,35707
3/8/2018,29.762,30.5285,31.8013,28.6341,28474
3/7/2018,28.933,30.7229,32.9917,29.2865,9612
3/6/2018,28.97,31.0599,34.0443,28.6975,5841
3/5/2018,28.939,31.5127,34.0177,28.7751,8603
3/2/2018,30.932,31.5956,33.4479,28.7446,13155
3/1/2018,31.427,31.4874,33.2208,28.705,17074
2/28/2018,29.871,31.4023,33.3172,29.3888,11500
2/27/2018,28.873,31.445,32.9225,28.6627,15960
2/26/2018,26.476,31.5082,32.4822,28.6547,21437
2/23/2018,27.711,31.6985,35.5038,28.711,15278
2/22/2018,28.414,31.8897,35.4014,28.7089,10222
2/21/2018,29.577,31.9977,37.5351,29.3299,20519
2/20/2018,29.039,32.0695,34.7541,28.66,11993
2/16/2018,29.139,32.2668,34.9275,28.6571,23565
2/15/2018,29.253,32.4031,35.3798,28.7049,14480
2/14/2018,29.781,32.5255,37.5925,29.4411,18071
2/13/2018,31.836,32.6693,38.8462,28.5926,27351
2/12/2018,33.816,32.726,38.9489,28.5577,28220
2/9/2018,40.2,32.7778,36.0962,28.2053,29932
2/8/2018,37.622,32.4906,34.8034,28.0601,14135
2/7/2018,33.65,32.1901,36.8868,28.8807,33265
2/6/2018,35.673,32.1147,32.6051,28.0922,19995
2/5/2018,38.025,31.8869,31.7136,27.9563,22087
2/2/2018,30.596,31.5361,31.3028,28.0099,18960
2/1/2018,28.769,31.5676,30.8719,27.9853,17032
1/31/2018,29.726,31.6886,33.7254,28.6568,22296
1/30/2018,30.723,31.7322,30.0721,28.1839,30702
1/29/2018,30.139,31.7864,29.885,28.2105,22582
1/26/2018,30.281,31.8479,30.2283,28.2553,44718
1/25/2018,31.534,31.8121,27.0948,27.907,77230
1/24/2018,30.574,31.6975,26.4735,28.1664,115907
1/23/2018,31.015,31.4969,26.9573,27.8392,76491
1/22/2018,32.983,31.2378,26.9574,27.8166,27295
1/19/2018,31.867,30.9016,26.824,27.8313,17540
1/18/2018,31.699,30.6511,26.9542,27.8809,16474
1/17/2018,32.659,30.4396,26.9071,28.3386,22077
1/16/2018,32.969,30.1068,26.9768,27.9292,31287
1/12/2018,34.851,29.8151,26.3843,27.9118,32446
1/11/2018,34.456,29.4633,23.3116,27.8151,69395
1/10/2018,31.613,29.0966,19.1274,27.9913,53383
1/9/2018,32.142,28.838,20.0814,27.5914,16404
1/8/2018,31.117,28.6322,21.0778,27.6038,18579
1/5/2018,31.009,28.4845,21.1471,27.6938,9036
1/4/2018,31.225,28.3353,20.7957,27.6784,12744
1/3/2018,31.19,28.1959,22.0929,28.0726,16105
1/2/2018,30.597,28.0546,21.7579,27.6624,15222
12/29/2017,31.808,28.0756,22.4512,27.6673,6120
12/28/2017,31.369,27.8784,24.0376,27.7274,14221
12/27/2017,29.565,27.6812,24.5948,28.0857,4518
12/26/2017,29.242,27.5496,24.3928,27.712,7593
12/22/2017,26.562,27.4164,24.4164,27.7588,6776
12/21/2017,25.832,27.4778,24.0406,27.7312,15776
12/20/2017,26.26,27.6008,23.715,28.0815,21147
12/19/2017,26.857,27.7131,23.9027,27.7466,23035
12/18/2017,27.468,27.7963,23.7981,27.7848,13082
12/15/2017,26.003,27.8642,23.9682,27.9063,16332
12/14/2017,27.136,28.0391,23.7798,27.9197,12815
12/13/2017,27.814,28.2219,23.8467,28.2794,9700
12/12/2017,27.123,28.308,23.3725,27.9407,9937
12/11/2017,26.441,28.4187,23.4606,28.1789,41451
12/8/2017,28.025,28.5846,22.0572,28.0877,29373
12/7/2017,28.164,28.6861,20.9443,28.0962,16338
12/6/2017,28.025,28.7572,22.2437,28.595,8108
12/5/2017,28.437,28.8179,22.9117,28.3443,13567
12/4/2017,28.363,28.8104,22.4056,28.2572,22568
12/1/2017,31.017,28.8631,21.9634,28.262,15929
11/30/2017,27.864,28.8284,21.3614,28.3692,26921
11/29/2017,27.425,28.9335,19.7457,28.6146,66271
11/28/2017,26.933,29.0333,19.5525,28.2339,32004
11/27/2017,26.579,29.1819,19.9217,28.2321,11417
11/24/2017,27.789,29.3254,21.2454,28.2413,7365
11/22/2017,28.293,29.5278,21.5176,28.2384,10388
11/21/2017,28.506,29.642,22.7176,28.592,12525
11/20/2017,28.521,29.6936,22.6699,28.2322,36456
11/17/2017,28.825,29.8421,23.484,28.4303,15999
11/16/2017,29.501,29.9569,23.0741,28.4257,13953
11/15/2017,30.793,30.2024,26.6668,29.1122,17891
11/14/2017,29.536,30.3535,22.7065,29.0272,18026
11/13/2017,29.337,30.5607,22.8438,29.0745,15319
11/10/2017,29.759,30.7038,26.6194,29.1339,12408
11/9/2017,30.054,30.8393,26.6249,29.3817,21144
11/8/2017,29.588,30.9538,26.5619,29.7589,9409
11/7/2017,29.238,31.0969,25.835,29.3572,12907
11/6/2017,28.288,31.2631,25.9549,29.3705,18149
11/3/2017,29.416,31.4324,28.8105,29.3482,18321
11/2/2017,30.322,31.5121,28.9465,29.3645,13749
11/1/2017,29.967,31.4981,28.8295,29.7367,16818
10/31/2017,29.421,31.5152,28.889,29.4001,63800
10/30/2017,29.905,31.5982,29.1125,29.3798,24311
10/27/2017,29.449,31.5594,28.9312,29.4295,22394
10/26/2017,31.837,31.5646,28.4858,29.6936,53957
10/25/2017,30.576,31.5546,31.4798,30.049,20205
10/24/2017,29.54,31.6535,27.2265,29.6341,71386
10/23/2017,31.491,31.7909,27.4473,29.6515,28343
10/20/2017,31.119,31.8237,26.8379,29.6671,66779
10/19/2017,34.412,31.7804,26.5765,29.6541,173954
10/18/2017,33.816,31.5412,26.5284,29.8841,48752
10/17/2017,33.679,31.3878,26.6137,29.6651,22981
10/16/2017,32.198,31.2255,28.3362,29.7174,12313
10/13/2017,32.47,31.1065,29.3856,29.9247,32085
10/12/2017,32.344,30.8355,29.3253,29.9619,11881
10/11/2017,32.45,30.5648,29.3351,30.3373,17671
10/10/2017,32.563,30.2816,25.6812,29.763,58751
10/9/2017,31.672,30.0305,27.1369,29.7989,26253
10/6/2017,31.011,29.8006,26.8552,29.8112,19724
10/5/2017,30.041,29.6737,28.6115,29.8071,14255
10/4/2017,30.309,29.5932,31.3295,30.2096,23005
10/3/2017,31.082,29.5006,28.3208,29.6703,34832
10/2/2017,29.129,29.3329,28.2639,29.7225,15394
9/29/2017,29.554,29.2115,28.611,29.7447,15117
9/28/2017,31.635,29.066,28.6661,29.813,25459
9/27/2017,32.556,28.8471,28.8069,30.0811,16342
9/26/2017,32.287,28.5454,28.8958,29.9088,10288
9/25/2017,32.148,28.2936,29.9017,29.9003,69972
9/22/2017,30.252,28.0727,31.028,29.9576,15839
9/21/2017,29.627,27.9872,31.7345,30.006,12646
9/20/2017,30.75,27.8832,31.5498,30.288,13875
9/19/2017,30.432,27.6521,31.4242,30.0537,50823
9/18/2017,29.818,27.4762,30.0294,29.9182,36508
9/15/2017,27.05,27.3557,30.6017,29.8597,34380
9/14/2017,26.93,27.4517,30.6322,29.8723,8554
9/13/2017,26.786,27.3864,30.4563,30.2039,16522
9/12/2017,27.54,27.372,30.5874,30.2122,19907
9/11/2017,27.076,27.3362,29.3162,30.2232,17233
9/8/2017,28.473,27.4581,30.2892,30.2819,14129
9/7/2017,28.43,27.4864,28.6588,30.3749,19691
9/6/2017,28.457,27.4238,25.0219,30.3221,49388
9/5/2017,27.728,27.3593,24.7509,30.0368,25917
9/1/2017,26.702,27.2612,24.7616,30.0583,15542
8/31/2017,26.643,27.2178,24.5454,30.1083,10771
8/30/2017,27.257,27.1989,24.468,30.6626,12500
8/29/2017,26.522,27.1983,23.791,30.3497,19236
8/28/2017,27.251,27.2011,23.8408,30.3706,7713
8/25/2017,27.73,27.1906,22.4461,30.2649,36535
8/24/2017,28.542,27.2671,22.4667,30.1628,22497
8/23/2017,27.547,27.2641,21.4137,30.3736,25086
8/22/2017,26.129,27.2302,22.8116,30.0985,12617
8/21/2017,26.912,27.2533,23.1657,30.1032,9588
8/18/2017,27.41,27.1978,23.0489,30.1042,19461
8/17/2017,28.969,27.1026,22.9099,29.9567,18473
8/16/2017,25.625,26.9705,26.8019,30.2375,7848
8/15/2017,26.497,27.0055,23.1913,30.0019,5886
8/14/2017,26.824,27.1969,25.4796,29.9918,7036
8/11/2017,29.514,27.3212,25.708,29.9932,13186
8/10/2017,29.039,27.3692,24.6176,29.9258,17854
8/9/2017,27.179,27.4539,28.1308,30.3604,14919
8/8/2017,27.166,27.6635,26.1266,30.1424,9814
8/7/2017,25.767,27.9055,26.5301,30.4427,8108
8/4/2017,25.833,28.1769,26.907,30.5145,15038
8/3/2017,26.266,28.5195,26.8051,30.5212,9387
8/2/2017,27.245,28.8026,30.0855,31.0919,8615
8/1/2017,26.578,29.0793,27.221,30.8284,9825
7/31/2017,27.041,29.377,27.3658,30.8408,8663
7/28/2017,29.259,29.628,27.7179,30.8436,27386
7/27/2017,28.482,29.7902,26.3496,30.7375,40922
7/26/2017,26.87,29.9562,29.6658,31.0077,13663
7/25/2017,26.59,30.1828,25.4381,30.6814,19054
7/24/2017,25.801,30.3915,26.4016,30.7045,21016
7/21/2017,25.508,30.6724,27.1023,30.8796,27745
7/20/2017,26.326,30.9387,25.4834,30.8162,32534
7/19/2017,26.325,31.1164,24.7387,30.8966,48732
7/18/2017,30.326,31.2544,25.4834,30.7674,33000
7/17/2017,29.309,31.0987,25.4834,30.7253,15657
7/14/2017,30.475,31.0696,25.8063,30.9012,11986
7/13/2017,30.733,31.0324,26.1164,30.9358,18608
7/12/2017,31.37,30.9706,24.3847,31.2493,26497
7/11/2017,32.006,30.8469,25.3058,31.1008,16239
7/10/2017,31.195,30.6917,26.898,31.1904,20206
7/7/2017,32.685,30.5537,26.943,31.2119,19566
7/6/2017,31.928,30.3296,27.7155,31.4641,19167
7/5/2017,32.778,30.118,27.3387,31.6721,9574
7/3/2017,32.533,29.8559,26.8412,31.5077,6196
6/30/2017,32.061,29.5701,27.1117,31.5072,11210
6/29/2017,32.503,29.3356,26.7758,31.6233,14546
6/28/2017,31.802,29.0858,26.8332,31.8423,9158
6/27/2017,31.403,28.9458,27.1749,32.0435,9827
6/26/2017,30.763,28.8071,26.7313,32.3911,12912
6/23/2017,31.42,28.66,28.4232,32.4607,11792
6/22/2017,30.833,28.486,28.0752,32.4405,9973
6/21/2017,29.879,28.4022,28.0661,32.7905,7301
6/20/2017,29.086,28.354,26.9535,32.6372,10078
6/19/2017,27.213,28.3372,27.1782,32.6516,13340
6/16/2017,28.726,28.4715,27.3413,32.7028,15691
6/15/2017,29.73,28.5841,28.5546,32.7272,21269
6/14/2017,29.498,28.677,28.3348,33.1095,20366
6/13/2017,28.896,28.5697,28.3871,33.1808,10480
6/12/2017,28.902,28.5242,27.3755,33.1299,25871
6/9/2017,28.435,28.5431,26.0009,33.0865,22170
6/8/2017,28.203,28.5542,25.6744,33.1007,10707
6/7/2017,27.697,28.5483,26.5238,33.1772,28765
6/6/2017,27.535,28.5408,26.3082,33.1064,9585
6/5/2017,26.817,28.4676,26.3067,33.151,8231
6/2/2017,27.371,28.4991,26.041,33.1449,28373
6/1/2017,27.506,28.4914,26.0747,33.1308,12303
5/31/2017,29.003,28.4771,29.8234,33.2409,11435
5/30/2017,28.63,28.34,29.6205,33.1313,33215
5/26/2017,27.821,28.2296,29.6615,33.1534,17995
5/25/2017,27.938,28.1999,30.366,33.049,17770
5/24/2017,29.158,28.154,30.4187,33.1467,5940
5/23/2017,28.915,27.9883,30.6652,33.0693,6065
5/22/2017,28.751,27.817,31.0022,33.0986,9558
5/19/2017,29.899,27.6537,30.1608,33.0919,27015
5/18/2017,30.977,27.6287,30.006,33.1416,9509
5/17/2017,31.587,27.4979,29.0264,33.1828,18448
5/16/2017,27.352,27.396,30.0102,33.115,9823
5/15/2017,27.986,27.5599,31.329,33.1535,10695
5/12/2017,29.281,27.7803,31.569,33.5145,30887
5/11/2017,28.657,28.2243,31.5617,33.5525,19250
5/10/2017,28.086,28.6544,35.0423,33.6743,14776
5/9/2017,27.547,28.9771,29.721,33.4517,42212
5/8/2017,26.07,29.2952,30.1988,33.5153,34045
5/5/2017,27.446,29.6938,30.6594,33.5347,14101
5/4/2017,27.219,29.9948,30.5762,33.6215,15317
5/3/2017,27.219,30.291,34.0899,33.6842,10422
5/2/2017,26.261,30.5904,26.9389,33.345,27819
5/1/2017,26.422,30.8669,28.6969,33.6189,14364
4/28/2017,27.227,31.1219,30.2186,33.6528,11374
4/27/2017,27.02,31.3124,27.912,33.4727,24565
4/26/2017,25.844,31.5367,30.6589,33.6452,17310
4/25/2017,25.49,31.7759,30.2778,33.75,28171
4/24/2017,25.483,32.1151,32.6534,33.9067,13941
4/21/2017,29.401,32.4989,32.6951,34.0696,14902
4/20/2017,28.36,32.6297,32.9965,34.1257,13372
4/19/2017,29.55,32.8065,35.9355,34.3273,23666
4/18/2017,30.629,32.9129,32.9147,34.0865,41573
4/17/2017,32.393,32.8787,32.9147,34.0388,41979
4/13/2017,38.161,32.7639,32.9147,34.0201,21930
4/12/2017,37.259,32.4971,35.5871,33.9956,25377
4/11/2017,34.542,32.3211,36.6564,33.9053,88841
4/10/2017,33.908,32.3158,37.8394,33.9215,14648
4/7/2017,34.043,32.2813,37.7976,33.9175,6683
4/6/2017,33.464,32.1302,37.7886,34.0133,3225
4/5/2017,33.145,32.086,37.4475,34.0361,5484
4/4/2017,33.206,32.0094,37.1187,33.9646,8443
4/3/2017,31.791,31.8853,37.7887,33.9663,6830
3/31/2017,31.522,31.8311,38.8724,34.3296,5414
3/30/2017,31.037,31.75,39.2175,34.3369,17263
3/29/2017,31.506,31.7402,39.5272,34.3906,6836
3/28/2017,30.628,31.6903,38.1541,34.2144,15998
3/27/2017,32.274,31.6929,36.9106,34.0944,7955
3/24/2017,33.158,31.5746,37.2153,34.1682,11981
3/23/2017,32.019,31.4511,37.4755,34.1555,9130
3/22/2017,31.896,31.41,35.7201,34.1724,8980
3/21/2017,31.677,31.3611,33.4327,33.8967,14514
3/20/2017,29.944,31.2481,33.5323,33.9834,12053
3/17/2017,30.097,31.2211,33.2027,33.9593,15308
3/16/2017,32.826,31.1735,33.4506,33.9907,17378
3/15/2017,33.739,30.9825,30.221,33.679,37990
3/14/2017,34.436,30.7717,26.9683,33.3602,37049
3/13/2017,33.218,30.4937,24.9002,33.2325,22199
3/10/2017,31.021,30.2773,25.2335,33.2343,14129
3/9/2017,32.581,30.2202,25.0366,33.2415,8820
3/8/2017,31.612,30.1507,27.8992,33.4364,12713
3/7/2017,30.725,30.1499,28.4489,33.4005,7856
3/6/2017,30.706,30.1483,27.2162,33.3177,27657
3/3/2017,29.901,30.1788,26.895,33.2248,20774
3/2/2017,30.839,30.3001,26.2135,33.1849,11912
3/1/2017,30.51,30.3871,26.3957,33.2496,12137
2/28/2017,30.678,30.5583,28.568,33.2148,9458
2/27/2017,29.909,30.6299,28.9248,33.2208,6967
2/24/2017,30.688,30.5918,29.0402,33.1979,9110
2/23/2017,31.196,30.5001,28.6461,33.3016,10016
2/22/2017,30.919,30.3784,28.423,33.3822,15949
2/21/2017,29.416,30.2659,29.3437,33.3549,12186
2/17/2017,29.405,30.2331,29.3989,33.6523,15158
2/16/2017,29.144,30.1889,29.6086,33.6934,17854
2/15/2017,29.008,30.2054,29.6739,33.8022,19807
2/14/2017,29.522,30.2344,30.7312,33.7191,16048
2/13/2017,28.875,30.439,32.0967,33.7667,10378
2/10/2017,28.891,30.8074,32.2763,33.8961,10667
2/9/2017,29.88,31.2418,32.1384,34.0015,19715
2/8/2017,31.191,31.6479,32.4799,34.2878,12754
2/7/2017,31.595,31.8855,30.6262,34.1504,8974
2/6/2017,30.693,32.1502,30.5621,34.3074,10697
2/3/2017,31.316,32.459,30.4788,34.3587,10483
2/2/2017,32.326,32.7232,29.5757,34.4647,6436
2/1/2017,32.58,32.9334,30.2174,34.7151,6988
1/31/2017,33.934,33.1837,29.3132,34.7153,24926
1/30/2017,32.11,33.3753,26.8917,34.9563,21103
1/27/2017,29.146,33.559,26.959,35.0767,10617
1/26/2017,28.855,33.8885,26.4233,35.2004,14973
1/25/2017,28.762,34.1656,26.4829,35.2032,8330
1/24/2017,28.668,34.4781,26.8388,35.1959,7153
1/23/2017,28.761,34.7901,26.0814,35.177,10600
1/20/2017,28.522,34.9991,27.3726,35.2346,20336
1/19/2017,29.472,35.2245,27.6271,35.3716,12163
1/18/2017,29.59,35.3969,27.6271,35.4965,41803
1/17/2017,33.613,35.6111,27.6271,35.6223,42404
1/13/2017,36.242,35.6614,27.6271,35.8444,13173
1/12/2017,37.579,35.639,27.2823,36.215,12416
1/11/2017,38.003,35.5394,25.6224,36.1295,22370
1/10/2017,35.944,35.3991,26.5574,36.1397,13726
1/9/2017,36.888,35.2872,26.6058,36.2611,4710
1/6/2017,36.868,35.1738,27.3092,36.4275,12328
1/5/2017,36.601,35.0545,27.9419,36.4142,15466
1/4/2017,36.53,34.8867,29.0421,36.4937,11288
1/3/2017,37.585,34.7122,28.7269,36.5555,5720
12/30/2016,37.766,34.5568,29.0633,36.561,10892
12/29/2016,35.785,34.4524,30.5793,36.6814,6218
12/28/2016,35.736,34.354,29.9961,36.6426,6362
12/27/2016,34.397,34.2437,30.2348,36.6645,4996
12/23/2016,35.013,34.1632,30.199,36.7217,9979
12/22/2016,34.907,34.0636,29.8035,36.7121,10961
12/21/2016,32.942,33.9556,29.7733,36.7751,5299
12/20/2016,33.029,33.917,29.6295,36.7703,7540
12/19/2016,32.921,33.8187,29.3791,36.7717,6721
12/16/2016,33.873,33.829,30.8872,36.8121,16891
12/15/2016,34.619,33.7791,29.7709,36.7403,19309
12/14/2016,35.794,33.7115,33.2719,36.7254,7586
12/13/2016,35.587,33.564,35.6549,36.8624,7396
12/12/2016,35.197,33.4637,35.6375,36.9456,12179
12/9/2016,33.706,33.3619,34.2355,36.8563,21261
12/8/2016,34.619,33.3563,36.2729,36.9063,8249
12/7/2016,34.483,33.2691,35.7371,36.9177,15478
12/6/2016,33.246,33.2922,34.8703,36.8692,14030
12/5/2016,33.039,33.4366,34.4686,36.8875,10103
12/2/2016,34.476,33.7498,34.7114,36.9461,14383
12/1/2016,35.678,33.9067,34.5789,37.013,6729
11/30/2016,33.818,33.9384,33.4487,36.9583,10738
11/29/2016,33.53,34.0517,33.6852,37.0003,5675
11/28/2016,32.788,34.0406,33.6057,36.9993,9627
11/25/2016,33.021,34.1375,34.3289,37.0241,7440
11/23/2016,32.745,34.1568,37.3921,37.1113,8997
11/22/2016,32.17,34.1919,37.5412,37.1112,26785
11/21/2016,31.064,34.2052,37.795,37.1017,13105
11/18/2016,33.127,34.2727,37.984,37.1157,15313
11/17/2016,32.875,34.2796,37.0085,37.0009,13348
11/16/2016,33.267,34.3085,37.8074,37.0306,13416
11/15/2016,32.844,34.3726,36.2696,36.8127,39331
11/14/2016,33.582,34.4577,34.177,36.5976,18095
11/11/2016,33.161,34.648,33.3355,36.565,5681
11/10/2016,33.594,34.9536,34.858,36.5201,14186
11/9/2016,32.874,35.3286,32.6201,36.3579,9143
11/8/2016,34.945,35.7701,33.5136,36.3649,10150
11/7/2016,36.135,36.0346,33.6866,36.3742,8916
11/4/2016,39.302,36.1683,33.5269,36.3371,15869
11/3/2016,37.615,36.2608,33.4698,36.3131,7444
11/2/2016,36.312,36.2425,33.2667,36.3195,6684
11/1/2016,36.083,36.2836,34.8675,36.3086,8358
10/31/2016,33.309,36.3228,35.3592,36.3656,9635
10/28/2016,34.724,36.4943,35.964,36.409,8142
10/27/2016,33.408,36.5419,35.4994,36.4188,5321
10/26/2016,33.447,36.6721,32.5866,36.1516,17836
10/25/2016,32.436,36.7565,32.8883,36.2468,6714
10/24/2016,32.414,36.9099,33.5851,36.3148,10556
10/21/2016,33.265,37.0896,33.3826,36.3628,14350
10/20/2016,33.453,37.1874,33.3119,36.3739,16064
10/19/2016,34.549,37.2237,32.6577,36.3233,17577
10/18/2016,34.547,37.2677,32.3641,36.2708,45383
10/17/2016,37.387,37.319,32.0877,36.311,31081
10/14/2016,39.273,37.2039,31.4936,36.267,11765
10/13/2016,41.093,37.051,29.6561,36.195,19531
10/12/2016,41.704,36.7585,29.3211,36.1954,8879
10/11/2016,40.236,36.4759,29.1051,36.2261,5559
10/10/2016,38.808,36.2578,31.4186,36.5031,13437
10/7/2016,41.153,36.0191,32.321,36.5254,6956
10/6/2016,37.248,35.7427,32.612,36.525,4310
10/5/2016,37.135,35.4517,34.951,36.9237,4087
10/4/2016,36.867,35.1998,33.3226,36.8561,16028
10/3/2016,36.738,34.9375,32.6494,36.846,10727
9/30/2016,35.676,34.6806,32.2926,36.832,13856
9/29/2016,36.014,34.6142,32.8443,36.8326,9260
9/28/2016,35.135,34.4888,36.5241,36.8495,5525
9/27/2016,35.502,34.3167,36.1333,36.913,6846
9/26/2016,36.009,34.042,35.4427,36.9357,7540
9/23/2016,35.221,33.827,35.3192,36.9987,9034
9/22/2016,34.179,33.6193,34.7275,36.9963,11307
9/21/2016,35.429,33.4469,34.3032,37.07,13580
9/20/2016,35.574,33.191,33.889,37.0742,6488
9/19/2016,35.084,32.9653,33.5059,37.0683,10186
9/16/2016,36.216,32.8206,33.7115,37.4738,9097
9/15/2016,35.242,32.648,33.3323,37.4763,13791
9/14/2016,36.053,32.5139,33.2966,37.4716,11241
9/13/2016,35.873,32.4091,32.8868,37.4181,8852
9/12/2016,34.033,32.3172,30.0325,37.2123,10880
9/9/2016,35.626,32.3234,28.623,37.1591,21328
9/8/2016,31.428,32.2572,28.1101,37.2122,24371
9/7/2016,32.097,32.3667,27.2316,37.0679,30117
9/6/2016,31.621,32.4192,27.9547,37.0856,11108
9/2/2016,31.601,32.5909,31.3251,37.0983,19168
9/1/2016,34.346,32.8457,31.8791,37.1258,16709
8/31/2016,33.506,32.9146,31.2565,37.1352,25872
8/30/2016,31.695,33.0942,30.7201,36.7141,65709
8/29/2016,30.007,33.4007,30.7584,37.1526,10467
8/26/2016,31.709,33.5618,30.6937,37.237,13838
8/25/2016,31.067,33.6777,30.8892,37.3795,23796
8/24/2016,30.731,33.8252,30.8124,37.7054,7016
8/23/2016,30.311,33.9832,30.8625,38.1853,6643
8/22/2016,31.06,34.192,31.2079,38.2231,8136
8/19/2016,32.19,34.362,31.6564,38.2653,9799
8/18/2016,32.764,34.4665,33.3562,38.2642,6023
8/17/2016,32.56,34.6098,34.1313,38.2946,11875
8/16/2016,33.957,34.6455,34.847,38.3249,4095
8/15/2016,34.034,34.8619,35.2818,38.3092,6125
8/12/2016,34.159,35.1119,35.4219,38.3193,5088
8/11/2016,34.301,35.2962,37.2887,38.5496,12361
8/10/2016,33.618,35.5294,37.5991,38.5949,4876
8/9/2016,33.146,35.7309,40.9384,38.4957,11278
8/8/2016,35.055,35.9392,40.7557,38.465,15648
8/5/2016,36.698,36.1148,38.6861,38.257,27690
8/4/2016,35.724,36.2817,38.3297,38.2623,6292
8/3/2016,37.099,36.5788,41.7572,38.3014,7346
8/2/2016,37.823,36.8114,38.5949,38.0278,19532
8/1/2016,33.23,36.9256,38.7324,38.0236,6257
7/29/2016,34.028,37.2459,38.5079,38.0105,9241
7/28/2016,34.016,37.504,39.9709,38.0278,4435
7/27/2016,33.892,37.8172,40.8625,38.09,3583
7/26/2016,34.485,38.2967,45.1219,38.139,12566
7/25/2016,34.462,39.146,48.9358,38.1931,4586
7/22/2016,34.279,39.7457,49.4548,38.2902,13317
7/21/2016,35.63,39.8468,48.0142,38.2165,14937
7/20/2016,33.274,39.9674,48.6492,38.1513,36357
7/19/2016,38.285,40.1264,47.7772,38.1086,32178
7/18/2016,39.034,40.0007,47.1952,38.0666,30754
7/15/2016,37.846,40.0229,47.5515,38.0868,14199
7/14/2016,38.963,40.1531,46.6833,38.081,29116
7/13/2016,37.65,40.1265,48.5908,38.0625,11002
7/12/2016,37.311,40.2965,46.3701,37.7082,41502
7/11/2016,38.567,40.2551,46.3791,37.8074,16403
7/8/2016,40.037,39.9282,46.272,37.7646,17444
7/7/2016,41.665,39.437,46.249,37.7861,6879
7/6/2016,41.75,38.8946,44.5545,37.5567,14316
7/5/2016,40.108,38.3567,44.0343,37.6116,7231
7/1/2016,39.637,37.8879,44.3114,37.6373,11127
6/30/2016,39.189,37.4986,44.579,38.0433,10942
6/29/2016,40.279,37.0928,43.3467,37.9738,20554
6/28/2016,43.484,36.6214,42.9999,37.9821,26262
6/27/2016,51.469,35.9968,39.0407,37.5077,45836
6/24/2016,46.456,34.9926,35.2538,37.0803,19992
6/23/2016,36.302,34.2853,34.7708,37.0416,6324
6/22/2016,38.043,34.0516,34.8642,37.0718,8099
6/21/2016,36.452,33.7926,32.5584,36.9538,16746
6/20/2016,35.772,33.7079,32.508,36.9699,13114
6/17/2016,39.479,33.701,32.4693,36.9227,10843
6/16/2016,40.449,33.6403,32.571,36.8871,14584
6/15/2016,38.431,33.4338,32.8696,36.8875,10493
6/14/2016,41.049,33.3936,29.8628,36.6247,16030
6/13/2016,36.485,33.1781,28.5389,36.4858,21254
6/10/2016,32.029,33.3278,32.2122,36.4953,9861
6/9/2016,30.211,33.6898,31.9865,36.4699,15211
6/8/2016,30.818,33.9519,32.3415,36.7295,9017
6/7/2016,30.992,34.1265,31.4462,36.7752,20696
6/6/2016,30.731,34.4017,31.908,36.7579,8029
6/3/2016,31.851,34.7877,31.6194,36.7797,19301
6/2/2016,31.074,35.1498,32.5364,36.7781,6977
6/1/2016,30.851,35.5636,32.8144,36.9022,6555
5/31/2016,30.993,35.8512,32.9158,36.9654,13046
5/27/2016,31.385,36.1181,35.6797,37.0115,6992
5/26/2016,32.309,36.4553,35.8432,36.9922,7084
5/25/2016,31.628,36.5671,35.7124,37.0352,10527
5/24/2016,32.863,36.6577,36.7498,37.2325,13363
5/23/2016,34.757,36.6922,38.3453,37.2475,10435
5/20/2016,35.635,36.611,39.6694,37.2357,12790
5/19/2016,38.265,36.4642,39.9423,37.6216,11070
5/18/2016,36.32,36.2436,40.2228,37.6331,11103
5/17/2016,37.625,35.959,40.4555,37.5785,17441
5/16/2016,36.739,35.6519,40.5044,37.5649,10885
5/13/2016,39.48,35.4075,39.7241,37.5001,9108
5/12/2016,39.269,35.0469,36.4664,37.265,30849
5/11/2016,35.453,34.736,36.6015,37.2335,7162
5/10/2016,34.311,34.6267,35.9845,37.1884,9809
5/9/2016,36.495,34.6236,36.4229,37.1783,10841
5/6/2016,38.45,34.5269,35.7416,37.2527,17117
5/5/2016,39.095,34.3232,36.8136,37.3201,10433
5/4/2016,39.349,34.1861,35.8258,37.2885,17755
5/3/2016,36.604,33.9108,35.6076,37.304,13385
5/2/2016,36.331,33.7388,35.417,37.3168,15130
4/29/2016,38.128,33.5527,36.4622,37.1377,21006
4/28/2016,34.544,33.2669,36.2928,37.2748,7297
4/27/2016,33.441,33.0612,36.4847,37.319,5996
4/26/2016,33.552,32.8842,35.2836,37.2495,18104
4/25/2016,33.135,32.7505,33.0786,37.1585,20305
4/22/2016,32.698,32.6721,31.8188,37.0677,22156
4/21/2016,33.853,32.7201,31.2304,36.9493,58429
4/20/2016,30.628,32.6518,32.5389,36.9059,13509
4/19/2016,31.482,32.6788,31.9292,36.8522,9315
4/18/2016,31.852,32.5469,32.6163,36.829,5599
4/15/2016,32.268,32.4728,32.5004,36.8623,4717
4/14/2016,33.05,32.3839,32.6945,36.9141,13848
4/13/2016,33.268,32.2834,32.114,36.8721,9234
4/12/2016,34.248,32.2344,32.3025,36.9153,4782
4/11/2016,34.562,32.0938,31.4733,36.8542,10937
4/8/2016,34.376,31.9389,31.5049,37.0141,6278
4/7/2016,36.352,31.9038,30.4004,36.9325,11081
4/6/2016,33.843,31.785,31.867,36.9678,4740
4/5/2016,33.166,31.8284,32.1875,37.0252,3399
4/4/2016,32.609,31.7927,32.0053,37.1787,6419
4/1/2016,32.412,31.8485,27.6311,37.0389,19960
3/31/2016,30.43,31.9028,27.4532,37.0239,15627
3/30/2016,29.9,32.0716,27.5378,37.011,8887
3/29/2016,30.879,32.2669,28.001,37.1536,9048
3/28/2016,31.565,32.4394,28.1188,37.2854,3921
3/24/2016,33.658,32.6513,27.0635,37.3254,21232
3/23/2016,32.488,32.7868,28.8509,37.338,11726
3/22/2016,31.168,32.9638,27.1223,37.3448,10042
3/21/2016,28.844,33.1997,27.8587,37.3598,5768
3/18/2016,30.37,33.5604,30.2,37.3266,20047
3/17/2016,30.49,33.9843,30.7625,37.3502,4200
3/16/2016,31.04,34.3476,31.2924,37.3109,5451
3/15/2016,32.288,34.74,31.4357,37.3269,4416
3/14/2016,31.435,35.2209,31.8103,37.3292,7106
3/11/2016,31.464,35.9473,33.0461,37.3824,6206
3/10/2016,33.675,36.9055,34.3938,37.3918,4441
3/9/2016,33.977,37.5423,36.7773,37.4083,10581
3/8/2016,34.711,38.2514,36.5345,37.309,35737
3/7/2016,32.451,38.9493,38.1294,37.3021,5580
3/4/2016,33.725,39.6299,38.5788,37.3317,10172
3/3/2016,33.497,40.0211,40.2211,37.3586,10988
3/2/2016,33.807,40.4897,42.2512,37.6396,9873
3/1/2016,33.807,40.9758,42.5732,37.6459,12131
2/29/2016,34.327,41.2388,45.406,37.7626,8734
2/26/2016,35.804,41.5293,46.567,37.8992,7394
2/25/2016,36.368,41.9242,47.8445,37.9776,10097
2/24/2016,36.028,42.1076,46.8227,38.1091,7993
2/23/2016,35.887,42.3014,46.5955,38.1267,8850
2/22/2016,36.057,42.5261,47.2156,38.1948,17731
2/19/2016,38.849,42.6749,45.9307,38.1034,48538
2/18/2016,37.756,42.9117,46.6908,38.1048,9113
2/17/2016,38.887,43.3813,47.5316,38.1014,9533
2/16/2016,41.906,43.7369,49.0918,38.1115,6046
2/12/2016,45.962,44.1007,51.1799,38.1939,16865
2/11/2016,50.63,44.0217,53.36,38.1272,3942
2/10/2016,46.409,43.743,53.7709,38.499,5466
2/9/2016,48.161,43.4545,52.9773,38.4189,8897
2/8/2016,48.669,43.1307,53.2314,38.4014,14033
2/5/2016,46.062,42.8916,53.2148,38.2916,6686
2/4/2016,41.549,42.7323,53.2737,38.4792,
2/3/2016,42.869,42.5527,52.7036,38.4875,8769
2/2/2016,43.53,42.2832,51.8589,38.654,12421
2/1/2016,39.065,42.0145,51.5592,38.9334,6812
1/29/2016,40.138,41.8116,49.3717,38.6242,15386
1/28/2016,43.702,41.5117,48.1927,38.6128,3581
1/27/2016,40.035,40.9145,47.072,38.5238,6241
1/26/2016,39.905,40.5229,47.4903,38.5443,2805
1/25/2016,40.38,40.1258,47.6376,38.608,6672
1/22/2016,39.035,39.711,47.4839,38.6093,17780
1/21/2016,43.583,39.4156,46.3454,38.5422,13754
1/20/2016,47.149,38.9237,43.2278,38.2396,25871
1/19/2016,45.998,38.3629,41.5856,38.1287,10965
1/15/2016,49.184,37.8642,39.9888,38.0524,20093
1/14/2016,44.381,37.1636,38.7168,37.879,20086
1/13/2016,45.057,36.7948,36.5631,37.6236,27461
1/12/2016,40.638,36.5236,36.7878,37.6617,16176
1/11/2016,41.686,36.548,36.1656,37.585,12742
1/8/2016,43.886,36.2696,35.5751,37.4965,7528
1/7/2016,42.875,36.0088,34.2419,37.3415,35959
1/6/2016,37.957,35.7792,34.7353,37.4722,8402
1/5/2016,37.481,35.606,34.602,37.4247,11737
1/4/2016,38.155,35.3192,34.2051,37.429,11564
12/31/2015,35.006,35.1148,35.1238,37.4437,33430
12/30/2015,34.142,35.0032,34.2764,37.3358,9094
12/29/2015,31.756,34.8717,34.4086,37.3686,3896
12/28/2015,32.205,34.9073,34.4213,37.3541,8531
12/24/2015,31.961,34.9518,34.827,37.4022,13378
12/23/2015,32.085,35.0151,34.5844,37.4536,5357
12/22/2015,33.127,35.077,33.7595,37.4689,11107
12/21/2015,33.745,35.0096,33.8034,37.5091,11422
12/18/2015,35.934,35.0032,33.9296,37.5352,13899
12/17/2015,36.023,34.944,33.6369,37.6067,9588
12/16/2015,35.172,34.9128,34.4761,37.944,20486
12/15/2015,37.005,34.9939,34.2796,38.0261,7216
12/14/2015,39.632,34.9059,32.4922,38.2519,14612
12/11/2015,41.126,34.6878,31.0388,38.1985,20846
12/10/2015,36.12,34.2934,30.318,38.3776,15368
12/9/2015,38.669,34.1231,29.7844,38.6419,13118
12/8/2015,38.283,33.831,29.3368,38.6033,25600
12/7/2015,34.493,33.5704,28.5375,38.6862,30026
12/4/2015,31.745,33.4828,27.2448,38.8962,14057
12/3/2015,34.067,33.5667,26.4396,38.9339,10439
12/2/2015,32.774,33.5255,25.1099,38.972,16338
12/1/2015,31.512,33.5248,25.4418,38.9821,12557
11/30/2015,32.468,33.5619,25.4887,39.3398,8257
11/27/2015,33.094,33.642,26.2634,39.3337,5082
11/25/2015,33.228,33.6555,26.1944,39.3418,14879
11/24/2015,33.322,33.6946,26.3795,39.2909,15983
11/23/2015,31.779,33.7001,26.8917,39.3415,9420
11/20/2015,33.617,33.7042,27.4509,39.364,23640
11/19/2015,34.752,33.6327,27.6913,39.4031,6685
11/18/2015,35.398,33.5787,27.8501,39.5377,7167
11/17/2015,36.794,33.6995,27.2821,39.5195,14040
11/16/2015,35.246,33.7347,27.3489,39.4479,24533
11/13/2015,35.268,33.8393,27.7367,39.614,10816
11/12/2015,33.24,34.0376,29.3473,39.6381,7038
11/11/2015,32.712,34.1543,29.7508,39.6383,6284
11/10/2015,32.828,34.3459,30.8652,39.661,10035
11/9/2015,33.071,34.5313,34.6745,39.6961,17644
11/6/2015,32.742,34.6807,34.8414,39.716,8114
11/5/2015,33.423,34.9265,35.1797,39.785,4766
11/4/2015,33.242,35.1508,39.5968,39.8821,9406
11/3/2015,32.761,35.4548,40.1256,39.9307,11340
11/2/2015,32.252,35.8652,40.5927,39.9982,5619
10/30/2015,34.071,36.0668,40.1006,39.942,17779
10/29/2015,33.365,36.3714,39.7012,39.9213,7020
10/28/2015,34.009,36.6087,39.9224,39.9279,9140
10/27/2015,33.431,36.8486,40.8415,40.158,7498
10/26/2015,31.861,37.2318,40.8093,40.1409,15593
10/23/2015,32.188,37.6585,40.6937,40.2061,26211
10/22/2015,33.671,37.9062,40.2896,40.2085,34641
10/21/2015,37.814,38.0993,40.6008,40.27,22999
10/20/2015,37.499,38.0116,40.5534,40.4646,14531
10/19/2015,37.338,37.9545,40.6351,40.4935,8960
10/16/2015,39.234,37.7027,43.3174,40.8007,40582
10/15/2015,35.574,37.4856,43.4955,41.1934,11211
10/14/2015,36.544,37.4341,42.6722,41.3802,10653
10/13/2015,36.536,37.3262,42.4141,41.8084,13955
10/12/2015,36.059,37.2764,41.5574,41.8557,15848
10/9/2015,37.658,37.2938,39.1346,42.0341,30253
10/8/2015,37.91,37.2477,39.6034,42.2841,10559
10/7/2015,39.321,37.2223,39.8575,42.3301,12381
10/6/2015,40.97,37.1238,36.2062,42.0697,16157
10/5/2015,36.284,36.9286,35.7037,42.1441,9489
10/2/2015,40.162,37.1568,35.8432,42.1576,15544
10/1/2015,38.111,37.1155,36.1494,42.2512,7587
9/30/2015,38.807,37.2394,36.2475,42.3011,4106
9/29/2015,41.095,37.4951,39.9888,42.2626,7125
9/28/2015,40.394,37.5116,40.1136,42.1908,9288
9/25/2015,37.143,37.6578,40.4912,42.1467,9470
9/24/2015,37.533,38.0224,42.7614,42.1005,18421
9/23/2015,36.06,38.47,46.2399,42.0993,5114
9/22/2015,36.357,39.0871,45.6334,42.1295,12633
9/21/2015,32.302,39.8521,45.7746,42.1127,10549
9/18/2015,34.892,40.3559,45.6458,42.1242,27220
9/17/2015,34.544,40.5564,42.126,41.7805,73546
9/16/2015,34.387,40.5906,42.252,41.8125,10120
9/15/2015,35.538,40.6132,42.3237,41.8296,10816
9/14/2015,36.409,40.5306,42.4329,41.8341,11170
9/11/2015,36.736,40.3523,44.3799,41.8601,8610
9/10/2015,37.401,40.1763,44.5255,41.8397,13861
9/9/2015,37.351,40.1008,43.8962,41.8463,18005
9/8/2015,37.066,39.9946,43.478,41.8176,20384
9/4/2015,40.849,39.8093,43.7256,41.8594,17794
9/3/2015,39.334,39.5285,44.1668,41.9048,11588
9/2/2015,40.591,39.3395,44.2376,41.9522,28231
9/1/2015,43.92,39.0218,44.4791,42.1097,18733
8/31/2015,41.425,38.5108,44.1971,42.1031,19537
8/28/2015,43.319,38.0901,39.9575,41.6886,31102
8/27/2015,44.433,37.6726,39.2023,41.6112,13578
8/26/2015,46.486,37.2669,38.4645,41.4935,26496
8/25/2015,48.402,36.7444,35.8134,41.2103,12635
8/24/2015,51.658,36.0549,31.488,40.7648,20238
8/21/2015,42.377,35.3568,31.5137,40.8219,22975
8/20/2015,38.902,35.1298,31.4599,40.8585,11418
8/19/2015,35.228,34.988,31.5271,40.8571,17993
8/18/2015,34.839,35.2491,31.4195,40.9479,40074
8/17/2015,33.886,35.4703,31.3106,40.969,13107
8/14/2015,32.843,35.7098,31.671,41.1592,11489
8/13/2015,33.216,36.0513,33.3729,41.2177,11431
8/12/2015,35.892,36.3021,30.2544,41.0278,26533
8/11/2015,35.226,36.4849,30.8791,41.0149,19661
8/10/2015,33.361,36.6346,32.2842,41.0526,15283
8/7/2015,35.233,36.8899,32.6955,41.1151,12668
8/6/2015,35.552,37.1227,32.8404,41.1664,15177
8/5/2015,34.237,37.458,33.0589,41.2935,7160
8/4/2015,33.702,37.9199,34.1225,41.3302,11887
8/3/2015,33.011,38.2449,33.4602,41.2795,30953
7/31/2015,34.967,38.6365,38.4904,41.3821,33595
7/30/2015,36.32,39.0038,39.2416,41.5684,18058
7/29/2015,36.037,39.3292,42.3909,41.7817,17692
7/28/2015,34.61,39.4222,41.8027,41.7447,36243
7/27/2015,37.697,39.6778,41.2668,41.7753,33096
7/24/2015,37.837,39.5196,40.3527,41.8524,33361
7/23/2015,36.066,39.3041,37.1855,41.6037,39400
7/22/2015,40.45,39.1959,37.5655,41.5877,42248
7/21/2015,39.263,38.727,37.952,41.5809,19673
7/20/2015,38.676,38.4944,37.7462,41.5764,11945
7/17/2015,39.674,38.3081,37.5099,41.6623,66612
7/16/2015,38.23,38.1342,37.5962,41.642,32318
7/15/2015,39.548,38.0575,36.2452,41.5456,30389
7/14/2015,38.221,37.9049,36.4908,41.5596,24084
7/13/2015,38.468,37.7074,35.7204,41.4944,29070
7/10/2015,39.889,37.5851,34.7617,41.9022,30807
7/9/2015,42.256,37.4085,37.3278,42.0353,14276
7/8/2015,43.476,37.3106,38.4086,42.4382,28966
7/7/2015,40.202,37.0656,37.5591,42.4854,19873
7/6/2015,40.843,36.8232,36.7972,42.3941,18043
7/2/2015,42.314,36.649,36.4445,42.7381,24977
7/1/2015,42.827,36.3688,33.5243,42.4168,61123
6/30/2015,37.898,36.055,33.9619,42.3934,50430
6/29/2015,39.721,36.1062,33.7639,42.3574,35299
6/26/2015,34.532,36.0914,33.6482,42.3772,27291
6/25/2015,33.528,36.222,34.2933,42.4413,29771
6/24/2015,33.903,36.4241,36.3407,42.5393,16861
6/22/2015,31.071,36.6076,35.3955,42.4934,35854
6/19/2015,34.61,36.8451,39.7101,42.5188,67692
6/18/2015,34.951,36.9464,40.3211,42.5326,33438
6/17/2015,36.195,37.1065,40.2375,42.6253,22685
6/16/2015,36.698,36.9655,39.9267,42.6195,25152
6/15/2015,36.494,36.7139,39.8419,42.6538,25162
6/12/2015,34.272,36.5865,40.3643,42.8826,37141
6/11/2015,36.022,36.6013,40.1764,43.0551,38659
6/10/2015,36.357,36.6081,39.8543,43.1417,54390
6/9/2015,40.298,36.6018,37.4844,42.9854,79678
6/8/2015,38.575,36.3509,37.1427,42.8744,61699
6/5/2015,35.354,36.258,38.0439,42.8838,17454
6/4/2015,37.36,36.4534,37.9092,42.871,47479
6/3/2015,36.71,36.6032,38.2167,42.8891,16202
6/2/2015,36.551,36.6838,37.5166,43.087,56984
6/1/2015,38.922,36.7139,37.3235,43.0502,72705
5/29/2015,39.425,36.6577,38.4318,43.0416,72161
5/28/2015,37.143,36.7167,39.062,43.134,19334
5/27/2015,37.571,36.7928,38.7489,43.0915,42398
5/26/2015,37.573,36.6373,37.1987,43.461,41479
5/22/2015,35.822,36.478,37.7279,43.4637,33862
5/21/2015,36.634,36.3142,37.6528,43.4994,42955
5/20/2015,38.154,36.1756,32.7474,42.9842,165505
5/19/2015,33.376,36.2849,32.0334,42.9834,49256
5/18/2015,31.664,36.6917,32.029,43.0358,26774
5/15/2015,33.947,37.1064,32.4801,43.0729,32341
5/14/2015,34.568,37.4726,33.5517,43.0931,20508
5/13/2015,36.157,37.7708,32.6819,43.0431,30532
5/12/2015,36.232,38.0546,33.2353,43.1347,35503
5/11/2015,35.281,38.3041,33.3786,43.1467,18923
5/8/2015,36.717,38.6242,34.8252,43.2139,28290
5/7/2015,39.262,38.7226,33.4916,43.1829,48359
5/6/2015,40.355,38.7756,33.0177,43.1318,35263
5/5/2015,38.323,38.8385,33.2457,43.1434,34039
5/4/2015,37.152,38.9898,34.8152,43.1364,16938
5/1/2015,37.799,39.173,36.3936,43.1569,19437
4/30/2015,40.604,39.3941,35.5978,43.142,47226
4/29/2015,38.665,39.4604,33.7789,43.4042,58136
4/28/2015,34.461,39.4181,34.8715,43.4883,12482
4/27/2015,34.386,39.5074,36.0009,43.7961,41447
4/24/2015,32.547,39.7304,36.5877,44.2637,51031
4/23/2015,33.862,40.0504,36.0085,44.3654,84161
4/22/2015,40.339,40.3082,37.4987,44.5279,50510
4/21/2015,41.512,40.1516,37.4478,44.5331,52933
4/20/2015,39.96,39.9785,37.871,44.5535,21543
4/17/2015,41.271,39.8722,38.178,44.7027,19625
4/16/2015,40.53,39.8372,37.7857,44.7768,18227
4/15/2015,41.834,39.8587,37.1757,44.7713,29814
4/14/2015,41.221,39.8573,37.3498,44.8155,11388
4/13/2015,41.685,39.9393,37.5143,45.0741,11595
4/10/2015,38.685,40.0108,37.5509,45.155,20536
4/9/2015,40.32,40.1756,36.1624,45.0792,13418
4/8/2015,41.613,40.2268,36.1874,45.0929,11516
4/7/2015,41.35,40.3024,35.8908,45.2464,15193
4/6/2015,40.816,40.3765,35.6607,45.2308,49564
4/2/2015,42.221,40.5564,34.1137,45.1304,33100
4/1/2015,41.93,40.681,35.016,45.1167,34151
3/31/2015,37.819,40.7443,35.3639,45.2053,14896
3/30/2015,36.247,40.9836,37.0059,45.2501,9524
3/27/2015,38.847,41.4044,36.9344,45.1808,28820
3/26/2015,38.946,41.7466,36.4357,45.177,17474
3/25/2015,39.018,42.0833,37.9059,45.1104,27204
3/24/2015,37.207,42.3465,38.1207,45.1768,13321
3/23/2015,38.05,42.7048,37.8298,45.1151,24020
3/20/2015,37.834,43.0849,39.3014,45.1209,57234
3/19/2015,40.571,43.5095,39.2156,45.0972,37995
3/18/2015,40.961,43.7319,39.8057,45.1476,37557
3/17/2015,41.805,43.9426,40.0607,45.1724,19467
3/16/2015,42.86,44.1646,41.0639,45.163,22357
3/13/2015,43.117,44.2812,41.247,45.2058,31898
3/12/2015,41.98,44.425,42.175,45.1653,39012
3/11/2015,41.345,44.7313,43.3233,45.1605,25871
3/10/2015,43.124,45.1376,43.7184,45.2152,28841
3/9/2015,42.832,45.7584,44.1883,45.2404,30410
3/6/2015,44.415,46.485,46.0234,45.2551,13993
3/5/2015,44.713,46.9101,47.021,45.3535,11682
3/4/2015,43.195,47.3713,49.7484,45.3603,21348
3/3/2015,42.604,47.9202,50.0499,45.1665,22944
3/2/2015,44.664,48.4384,50.7644,45.2293,22602
2/27/2015,45.691,48.5347,50.5032,45.1186,36173
2/26/2015,45.68,48.4104,49.8139,45.0187,24690
2/25/2015,44.281,48.2742,49.3884,45.0302,24148
2/24/2015,44.374,48.1278,47.4976,44.845,25835
2/23/2015,45.653,47.9468,48.3757,44.8759,28478
2/20/2015,46.325,47.6944,48.0225,45.1217,46082
2/19/2015,45.02,47.4628,47.4021,44.999,25773
2/18/2015,45.174,47.6538,47.6269,44.9946,18215
2/17/2015,46.246,47.8846,47.7693,44.9392,15451
2/13/2015,45.191,48.2596,48.4055,44.9768,11044
2/12/2015,45.993,48.7013,48.2431,44.8909,14776
2/11/2015,48.107,48.8816,48.7099,44.9591,11436
2/10/2015,49.47,48.8293,47.6816,44.8478,17594
2/9/2015,55.54,48.7123,46.7968,44.7492,44403
2/6/2015,57.364,48.036,46.3534,44.7992,47182
2/5/2015,52.918,47.2397,47.2523,44.776,41146
2/4/2015,53.937,46.8336,45.5901,44.6045,54347
2/3/2015,54.171,46.5056,45.0009,44.7032,39658
2/2/2015,52.969,46.0372,41.8583,44.3914,67402
1/30/2015,46.59,45.5393,38.8934,44.1429,44290
1/29/2015,43.204,45.4171,37.9912,44.0787,23333
1/28/2015,42.956,45.2416,36.6768,44.0171,13351
1/27/2015,41.353,45.128,37.1596,44.1533,16777
1/26/2015,40.755,45.1344,37.554,44.3183,16528
1/23/2015,40.604,45.2154,38.2598,44.4155,26569
1/22/2015,41.694,45.3043,37.2969,44.3644,50401
1/21/2015,48.839,45.3484,37.0051,44.3203,41149
1/20/2015,49.79,45.1273,37.5316,44.2841,24989
1/16/2015,53.746,44.9592,40.8004,44.2956,60627
1/15/2015,54.026,44.735,40.7437,44.251,46769
1/14/2015,49.6,44.5097,43.2325,44.3828,24006
1/13/2015,47.061,44.4407,42.8259,44.327,21022
1/12/2015,47.129,44.4136,44.1331,44.3021,22986
1/9/2015,42.014,44.2352,46.3666,44.8255,26470
1/8/2015,41.438,44.4223,46.3008,45.1168,25452
1/7/2015,44.796,44.3813,47.2581,45.1482,21445
1/6/2015,47.376,44.1414,48.1513,45.0455,16074
1/5/2015,44.803,43.7501,48.758,45.2253,17924
1/2/2015,43.012,43.4655,48.9892,45.163,10629
12/31/2014,44.146,43.173,49.3202,45.1531,38054
12/30/2014,39.693,42.9268,53.1278,45.1515,8456
12/29/2014,40.685,42.9523,52.7875,45.236,7366
12/26/2014,41.482,42.8153,53.0289,45.2398,9295
12/24/2014,42.374,42.5321,52.5424,45.1866,8643
12/23/2014,42.382,42.1941,52.4801,45.1536,12972
12/22/2014,42.575,41.7629,52.1116,45.1085,8689
12/19/2014,44.419,41.4703,52.1474,45.1044,24889
12/18/2014,46.427,41.0578,53.0177,45.1158,16144
12/17/2014,49.261,40.5669,52.1539,45.0987,23802
12/16/2014,49.521,39.9703,49.2451,44.7727,14439
12/15/2014,48.219,39.3677,49.8343,44.7214,14083
12/12/2014,46.519,38.6863,47.0387,44.5005,21636
12/11/2014,43.563,38.0718,46.4868,44.5205,24405
12/10/2014,45.755,37.6302,44.8251,44.3249,
12/9/2014,40.618,37.0983,42.632,44.1055,19069
12/8/2014,39.998,36.966,42.9095,44.1081,24214
12/5/2014,39.55,36.9294,42.415,44.0294,35594
12/4/2014,39.11,37.0342,40.7832,43.8102,41214
12/3/2014,37.162,37.1856,40.4566,43.8435,42783
12/2/2014,39.224,37.4173,40.0666,43.7757,20258
12/1/2014,40.201,37.4164,39.4767,43.7366,35794
11/28/2014,37.945,37.446,34.4841,43.2874,34493
11/26/2014,35.819,37.6543,35.2978,43.315,9858
11/25/2014,35.614,37.9692,37.6054,43.3482,50813
11/24/2014,33.758,38.271,38.3295,43.4027,9596
11/21/2014,36.723,38.7122,42.3995,43.3735,14259
11/20/2014,36.17,39.1764,42.2131,43.388,16071
11/19/2014,36.608,39.6487,43.0063,43.5842,15476
11/18/2014,37.329,40.2119,43.6457,43.477,31250
11/17/2014,37.469,40.8714,43.8762,43.4587,10606
11/14/2014,34.591,41.6818,47.7105,43.4614,12574
11/13/2014,34.229,42.9482,50.1694,43.3557,24024
11/12/2014,34.732,44.7476,52.144,43.5296,17609
11/11/2014,35.116,46.6734,55.6588,43.5315,13087
11/10/2014,37.973,48.0545,56.4785,43.78,15717
11/7/2014,39.265,49.4692,59.3874,43.767,17263
11/6/2014,41.646,50.3481,61.0697,43.8747,48944
11/5/2014,42.137,50.7508,61.0377,43.8363,16830
11/4/2014,41.797,51.0047,60.9948,43.8202,54584
11/3/2014,39.205,51.2116,61.5739,44.0238,17897
10/31/2014,40.794,51.4633,61.3556,43.9925,34070
10/30/2014,42.11,51.5439,62.2899,44.1566,6484
10/29/2014,42.118,51.6293,62.7581,44.3985,25145
10/28/2014,41.649,51.586,62.5674,44.3475,36620
10/27/2014,42.582,51.4983,60.9737,44.3243,39861
10/24/2014,46.009,51.4011,,,33678
10/23/2014,45.615,51.1124,57.0522,44.072,35692
10/22/2014,47.872,50.8278,57.2654,44.0948,28355
10/21/2014,50.519,50.3497,57.2746,43.9962,32007
10/20/2014,53.676,49.7635,55.6312,43.8167,30809
10/17/2014,59.919,49.0149,55.5973,43.9549,20634
10/16/2014,70.217,47.9812,52.4194,43.5716,18863
10/15/2014,73.249,46.4197,48.737,43.0628,51340
10/14/2014,62.738,44.7523,46.5372,42.8429,29483
10/13/2014,66.268,43.6036,42.4446,42.3788,65062
10/10/2014,56.842,42.327,41.4259,42.2808,27377
10/9/2014,49.7,41.3432,37.3869,41.9028,56680
10/8/2014,47.214,40.6423,35.1662,41.7045,36123
10/7/2014,45.936,40.0354,34.3756,41.6889,
10/6/2014,44.24,39.5159,33.9248,41.615,27139
10/3/2014,42.405,39.1229,33.1009,41.5322,20935
10/2/2014,43.818,38.8901,33.6864,41.565,20670
10/1/2014,41.252,38.5734,34.6974,41.4805,29918
9/30/2014,39.895,38.4525,33.96,41.5099,11589
9/29/2014,40.638,38.3695,33.8403,41.925,9607
9/26/2014,40.234,38.2306,33.9999,41.9391,20074
9/25/2014,39.923,38.0667,33.3967,41.944,11578
9/24/2014,38.31,37.9031,33.3725,41.9886,7835
9/23/2014,38.796,37.8187,32.8485,41.9757,12781
9/22/2014,38.704,37.7256,32.3651,41.8902,20947
9/19/2014,39.245,37.6676,33.3378,41.8975,35241
9/18/2014,38.987,37.5514,32.9545,41.9044,22695
9/17/2014,39.901,37.3428,33.8044,41.8891,26316
9/16/2014,39.765,37.1692,33.7931,41.9104,19248
9/15/2014,40.736,37.0441,35.9583,41.9088,15684
9/12/2014,37.165,37.0229,36.7671,42.0154,43301
9/11/2014,35.681,37.1878,36.4878,41.9977,18853
9/10/2014,35.078,37.4562,36.7853,42.388,21744
9/9/2014,35.545,37.8526,36.4271,42.4447,30804
9/8/2014,36.38,38.2998,37.1756,42.4618,66050
9/5/2014,37.75,38.6506,37.5278,42.4209,39089
9/4/2014,37.483,38.9791,38.8556,42.3961,38045
9/3/2014,38.835,39.2383,38.8011,42.5525,23218
9/2/2014,38.234,39.5198,36.6662,42.3846,48225
8/29/2014,37.86,39.7463,37.766,42.4324,27429
8/28/2014,36.956,40.0011,39.6859,42.4287,6517
8/27/2014,36.651,40.2638,40.031,42.8192,6965
8/26/2014,36.623,40.4574,40.2454,42.8328,9569
8/25/2014,36.932,40.6212,41.852,42.8466,25473
8/22/2014,37.545,40.7031,45.8257,42.8549,27656
8/21/2014,36.921,40.827,45.6617,42.7762,35955
8/20/2014,34.816,41.0002,45.1457,42.7311,53195
8/19/2014,36.428,41.5983,45.0994,42.7782,39646
8/18/2014,37.263,42.1076,44.0782,42.709,67156
8/15/2014,40.312,42.5949,44.6667,42.7054,42704
8/14/2014,40.462,42.9813,42.6999,42.5603,56969
8/13/2014,41.051,43.3784,42.3482,42.9896,22649
8/12/2014,43.006,43.5606,42.4434,42.9793,13957
8/11/2014,44.488,43.6028,42.2678,43.0431,21668
8/8/2014,43.396,43.5621,45.7657,43.0071,29070
8/7/2014,44.321,43.4444,46.6075,42.9726,20713
8/6/2014,42.666,43.4277,49.6112,43.0512,56408
8/5/2014,44.465,43.5841,49.0005,42.9183,39017
8/4/2014,42.765,43.5158,48.4453,42.8501,18578
8/1/2014,42.956,43.4992,51.3624,42.8565,11851
7/31/2014,42.209,43.4343,50.8526,42.7707,12832
7/30/2014,40.522,43.3687,49.3716,42.6135,49883
7/29/2014,39.9,43.3377,49.3059,42.7167,11135
7/28/2014,38.57,43.3663,49.8423,43.1775,23694
7/25/2014,40.024,43.4497,49.224,43.2691,37526
7/24/2014,40.384,43.4417,46.0364,43.0279,92486
7/23/2014,46.778,43.4002,45.7893,42.9788,39327
7/22/2014,46.613,43.1071,45.578,42.9683,10984
7/21/2014,47.01,42.8848,46.2375,42.9899,19171
7/18/2014,48.04,42.5982,46.3003,43.0219,18636
7/17/2014,48.405,42.3094,46.62,43.4312,41084
7/16/2014,44.693,42.0004,46.862,43.4888,11894
7/15/2014,43.852,41.8368,47.1349,43.4926,8538
7/14/2014,43.674,41.7035,49.1798,43.5368,14876
7/11/2014,41.04,41.5051,50.7668,43.6627,27442
7/10/2014,43.988,41.2966,47.8144,43.3074,103280
7/9/2014,45.794,40.8618,47.1412,43.1679,14636
7/7/2014,43.098,40.4068,42.2953,42.6685,58205
7/3/2014,42.434,40.1738,42.4645,42.7061,17080
7/1/2014,41.658,40.0705,41.6706,42.5786,18419
6/30/2014,40.897,39.8928,41.89,42.6131,28886
6/27/2014,39.903,39.8289,42.042,42.6081,6056
6/26/2014,40.472,39.7235,42.7844,42.6224,22385
6/25/2014,40.237,39.597,,,10969
6/24/2014,39.865,39.4526,42.399,42.5897,17034
6/23/2014,39.553,39.21,42.1234,42.7804,24384
6/20/2014,40.916,39.0486,42.675,42.7903,21803
6/19/2014,42.166,38.7407,42.404,42.7501,15344
6/18/2014,41.279,38.413,42.7753,42.7335,19464
6/17/2014,42.264,38.1389,42.3639,42.691,25310
6/16/2014,42.225,37.8057,42.6451,42.6904,19596
6/13/2014,41.421,37.5909,42.4697,42.6733,48904
6/12/2014,41.187,37.4316,39.9309,42.446,54695
6/11/2014,39.704,37.2677,38.9717,42.4197,47930
6/10/2014,36.872,37.1701,37.812,42.3146,17394
6/9/2014,35.29,37.232,38.0259,42.6361,12260
6/6/2014,36.696,37.2235,38.6502,42.7664,11318
6/5/2014,38.437,37.2077,38.6401,42.8408,19762
6/4/2014,40.369,37.1539,38.8249,42.9636,27954
6/3/2014,38.103,36.9958,38.7386,43.0167,20800
6/2/2014,39.619,36.9309,36.0986,42.7376,39892
5/30/2014,37.796,36.8342,36.176,42.7179,5249
5/29/2014,37.94,36.8687,40.1733,42.7314,12064
5/28/2014,37.35,36.9069,40.582,42.6955,18156
5/27/2014,35.014,36.9518,44.0076,42.7065,5105
5/23/2014,36.324,37.1651,46.4499,42.8173,36624
5/22/2014,34.758,37.251,47.8264,42.8174,13631
5/21/2014,35.612,37.3957,49.012,42.8212,20248
5/20/2014,35.797,37.6417,48.8962,42.8078,10177
5/19/2014,35.601,37.8855,48.7036,42.7693,7698
5/16/2014,37.927,38.1279,49.6386,42.7405,9024
5/15/2014,38.236,38.3275,50.2456,42.8136,11331
5/14/2014,37.909,38.5182,50.6126,42.7904,5358
5/13/2014,37.751,38.8263,51.0878,42.784,17344
5/12/2014,38.111,39.1238,52.776,42.6839,15367
5/9/2014,35.121,39.3163,53.5172,42.7157,10457
5/8/2014,36.38,39.5875,53.1398,42.6438,24420
5/7/2014,37.36,39.5807,52.73,42.5735,12962
5/6/2014,37.206,39.5528,54.3109,42.5721,17068
5/5/2014,36.805,39.5398,54.1809,42.5806,5695
5/2/2014,37.686,39.5096,54.3337,42.5864,10666
5/1/2014,38.486,39.3148,55.0613,42.5645,9837
4/30/2014,38.704,39.0352,55.5723,42.5465,21756
4/29/2014,38.248,38.7514,52.8919,42.253,32431
4/28/2014,39.281,38.5933,52.2139,42.1284,41272
4/25/2014,38.042,38.4721,50.2766,41.8209,21985
4/24/2014,37.651,38.4476,46.7963,41.3735,49672
4/23/2014,40.532,38.3995,46.108,41.4652,11711
4/22/2014,40.673,38.2019,44.886,41.3005,10680
4/21/2014,40.45,38.0341,44.8572,41.2858,9589
4/17/2014,41.918,37.9489,44.5765,41.2918,12491
4/16/2014,42.049,37.7519,43.7213,41.1537,29357
4/15/2014,44.072,37.5656,42.9106,41.2809,16689
4/14/2014,43.701,37.2997,42.2819,41.4992,9643
4/11/2014,41.961,37.0564,42.3808,41.4582,31804
4/10/2014,40.545,36.8581,39.0819,41.1566,34960
4/9/2014,36.243,36.7415,37.8976,41.0824,54127
4/8/2014,36.804,36.7561,38.2757,41.076,10606
4/7/2014,36.946,36.7666,38.4681,41.1021,8893
4/4/2014,36.2,36.7868,36.4929,41.1448,11683
4/3/2014,33.79,36.8295,37.8134,41.1402,5737
4/2/2014,32.894,36.9435,37.7985,41.258,11990
4/1/2014,33.029,37.1273,36.3537,41.3143,33010
3/31/2014,35.084,37.262,36.2333,41.2818,7308
3/28/2014,36.859,37.3627,35.4454,41.2256,8356
3/27/2014,37.551,37.3205,34.8091,41.223,17965
3/26/2014,36.689,37.2538,34.4956,41.1161,7091
3/25/2014,36.58,37.2771,34.5672,41.1307,9606
3/24/2014,37.317,37.3543,34.2417,41.0484,16309
3/21/2014,38.747,37.3124,,,22100
3/20/2014,37.977,37.2429,37.3765,41.0145,19204
3/19/2014,38.323,37.272,37.6244,41.0191,9704
3/18/2014,38.754,37.2771,36.6494,40.9704,13354
3/17/2014,38.834,37.2841,37.0288,40.9344,8339
3/14/2014,37.996,37.1734,37.0947,40.9326,5658
3/13/2014,38.212,37.151,37.574,40.932,8651
3/12/2014,36.537,37.0662,37.7909,40.9632,8395
3/11/2014,37.013,37.111,37.832,40.9799,8174
3/10/2014,37.351,37.0802,38.1508,41.2233,8349
3/7/2014,37.053,37.0625,37.9365,41.1238,35513
3/6/2014,36.069,37.1493,37.6808,41.1033,16820
3/5/2014,36.572,37.3457,38.7442,41.003,22100
3/4/2014,35.721,37.501,38.3039,41.3832,7988
3/3/2014,37.099,37.7798,38.1122,41.4602,17454
2/28/2014,36.016,37.8573,37.3608,41.3664,13080
2/27/2014,36.217,37.9035,37.7973,41.5085,5050
2/26/2014,37.155,38.0155,39.8864,41.5348,14745
2/25/2014,38.122,38.0288,,,37400
2/24/2014,36.48,38.0187,42.2811,41.6107,10421
2/21/2014,37.356,38.1718,42.3267,41.6211,13673
2/20/2014,38.56,38.0671,38.6386,41.3254,21738
2/19/2014,38.426,38.0729,39.1059,41.4006,9512
2/18/2014,38.894,38.084,39.5901,41.4524,10614
2/14/2014,36.619,38.1553,40.0151,41.5241,5694
2/13/2014,37.548,38.263,41.6864,41.5339,23655
2/12/2014,36.517,38.3274,41.9046,41.5985,2687
2/11/2014,37.432,38.4759,41.3373,41.5634,9682
2/10/2014,36.398,38.5582,45.028,41.6203,6164
2/7/2014,36.995,38.4493,48.1095,41.6893,8558
2/6/2014,38.791,38.4075,47.5463,41.6504,11400
2/5/2014,39.997,38.2797,47.6488,41.7069,3583
2/4/2014,39.677,37.9912,49.5532,41.7752,8852
2/3/2014,41.297,37.7766,47.3403,41.594,10747
1/31/2014,38.649,37.5087,47.362,41.6724,2871
1/30/2014,36.94,37.3333,47.2044,41.7366,3876
1/29/2014,38.458,37.354,48.0445,41.7843,3919
1/28/2014,37.419,37.3102,47.7359,41.8327,13807
1/27/2014,37.921,37.2725,46.1681,41.7093,11673
1/24/2014,39.543,37.1517,44.3614,41.5691,26802
1/23/2014,35.26,36.9926,43.2407,41.5237,19434
1/22/2014,38.677,37.0812,42.9054,41.5304,26249
1/21/2014,38.649,37.0111,43.3974,41.6068,9153
1/17/2014,40.318,36.9066,44.0974,41.6577,13231
1/16/2014,38.773,36.7445,43.4075,41.6711,19195
1/15/2014,38.837,36.7068,43.2609,41.7168,8837
1/14/2014,39.487,36.6774,42.0467,41.5378,27317
1/13/2014,39.077,36.5822,42.5403,41.5903,14402
1/10/2014,34.222,36.487,41.9935,41.6147,49197
1/9/2014,36.157,36.6307,38.2679,41.1529,111307
1/8/2014,36.235,36.6668,34.5552,40.8226,51956
1/7/2014,34.228,36.7121,34.2387,40.847,8361
1/6/2014,35.385,36.8243,34.1135,40.8954,5020
1/3/2014,35.938,36.9866,32.854,40.7115,22992
1/2/2014,35.142,37.1097,33.2944,40.7933,10361
12/31/2013,37.3542,37.2273,33.296,40.8757,8958
12/30/2013,37.5817,37.188,33.2025,40.9578,6198
12/27/2013,36.6653,37.0707,,,5432
12/26/2013,35.5042,36.9687,32.7131,40.9794,4101
12/24/2013,36.3616,36.9161,33.5998,41.0426,4172
12/23/2013,37.0319,36.9508,33.5822,41.1123,8268
12/20/2013,37.2742,37.0547,33.9975,41.1892,8821
12/19/2013,36.5608,37.0811,36.5453,41.234,8804
12/18/2013,37.0742,37.1703,36.2429,41.268,16807
12/17/2013,38.0193,37.2716,34.8296,41.2386,8036
12/16/2013,38.25,37.3443,,,21566
12/13/2013,37.5834,37.4041,35.2452,41.3903,5429
12/12/2013,37.1728,37.3647,36.3743,41.3485,8899
12/11/2013,37.0951,37.3924,35.425,41.3491,5020
12/10/2013,36.8795,37.4549,38.8009,41.4327,3009
12/9/2013,37.1417,37.4716,38.6771,41.4739,39152
12/6/2013,36.4718,37.4414,40.1893,41.5397,22528
12/5/2013,38.6297,37.4142,40.1235,41.6005,9107
12/4/2013,38.4011,37.3145,40.7147,41.6691,11844
12/3/2013,37.4939,37.54,42.1798,41.6108,17826
12/2/2013,36.568,37.724,42.2155,41.6738,8291
11/29/2013,35.2348,38.1196,44.0824,41.7683,1371
11/27/2013,34.6267,38.4757,46.7445,41.8662,9307
11/26/2013,34.4517,38.858,46.2982,41.9336,10977
11/19/2013,37.056,39.2249,47.2524,41.8492,39572
11/18/2013,39.1095,39.6325,47.1271,41.9221,28900
11/15/2013,37.8014,39.9247,48.9318,42.0281,29318
11/14/2013,38.345,40.1152,49.0718,42.1132,11671
11/13/2013,39.101,40.3781,48.723,42.1708,22589
11/12/2013,39.4738,40.7452,47.0381,41.9875,43516
11/11/2013,39.4444,41.0847,46.9283,42.0872,4823
11/1/2013,36.7955,41.3348,40.6031,41.4784,16904
10/31/2013,37.7276,41.5665,41.0511,41.5455,6618
10/30/2013,38.3456,41.7808,39.4466,41.3824,11927
10/29/2013,37.2138,41.979,37.4748,41.0627,23007
10/28/2013,36.5372,42.1841,41.7056,41.186,8973
10/25/2013,35.9279,42.4445,39.771,40.9991,19682
10/24/2013,36.6347,42.7355,,,32224
10/23/2013,42.9114,42.7864,,,7222
10/22/2013,41.1741,42.5921,,,8130
10/21/2013,44.48,42.4411,,,31900
10/18/2013,42.3565,42.0828,,,13676
10/17/2013,42.2733,41.7311,,,22202
10/16/2013,41.789,41.4214,,,15307
10/15/2013,45.2075,41.1856,,,8273
10/14/2013,44.9548,40.79,,,21599
10/11/2013,41.6114,40.396,,,3922
10/10/2013,43.6029,40.1873,,,7071
10/9/2013,46.4416,39.9967,,,14001
10/8/2013,46.2648,39.6296,,,14517
10/7/2013,44.4471,39.517,,,9374
10/4/2013,41.4281,39.511,,,4577
10/3/2013,42.0137,39.5692,,,5780
10/2/2013,42.3101,39.6557,,,21760
10/1/2013,41.3152,39.7649,,,17414
9/30/2013,41.7449,40.0062,,,17530
9/27/2013,41.7489,40.1494,,,35604
9/26/2013,37.6534,40.3135,,,7211
9/25/2013,39.0247,40.719,,,17120
9/24/2013,38.1541,41.153,,,24658
9/23/2013,37.3146,41.4026,,,14384
9/20/2013,35.3219,41.6403,,,17207
9/19/2013,36.0787,41.9936,,,
9/18/2013,37.0734,42.3729,,,
9/17/2013,37.296,42.7266,,,
9/16/2013,37.0752,43.0692,,,
9/13/2013,37.4372,43.3708,,,
9/12/2013,39.7894,43.7763,,,
9/11/2013,39.1,44.055,,,
9/10/2013,44.0131,44.3997,,,
9/9/2013,44.3276,44.3066,,,
9/6/2013,42.5925,44.1217,,,
9/5/2013,43.7439,43.9721,,,
9/4/2013,44.4934,43.8586,,,
9/3/2013,46.1406,43.7617,,,
8/30/2013,44.6102,43.4682,,,
8/29/2013,45.0307,43.1323,,,
8/28/2013,45.7637,42.8034,,,
8/27/2013,47.7039,42.483,,,
8/26/2013,43.146,42.1069,,,
8/23/2013,42.069,41.9096,,,
8/22/2013,42.3869,41.7719,,,
8/21/2013,43.6652,41.6006,,,
8/20/2013,44.1478,41.6555,,,
8/19/2013,44.1483,41.6559,,,
8/16/2013,43.1057,41.6238,,,
8/15/2013,45.5475,41.6295,,,
8/14/2013,45.365,41.5626,,,
8/13/2013,45.9931,41.5621,,,
8/12/2013,42.1501,41.3864,,,
8/9/2013,40.6307,41.3464,,,
8/8/2013,39.6003,41.2718,,,
8/7/2013,41.4735,41.2862,,,
8/6/2013,42.5549,41.1825,,,
8/5/2013,40.2717,41.0028,,,
8/2/2013,37.8927,40.902,,,
8/1/2013,38.4527,40.7872,,,
7/31/2013,39.3551,40.6189,,,
7/30/2013,40.1825,40.5029,,,
7/29/2013,39.1986,40.3814,,,
7/26/2013,39.3166,40.4895,,,
7/25/2013,38.9603,40.4868,,,
7/24/2013,44.7634,40.4587,,,
7/23/2013,44.1563,39.9568,,,
7/22/2013,43.506,39.5431,,,
7/19/2013,43.2182,39.2357,,,
7/18/2013,44.2106,38.9275,,,
7/17/2013,45.3545,38.6334,,,
7/16/2013,42.479,38.3724,,,
7/15/2013,41.3511,38.2393,,,
7/12/2013,39.1375,38.0739,,,
7/8/2013,39.8891,38.0061,,,
7/3/2013,39.3991,37.9812,,,
7/2/2013,38.961,38.0679,,,
7/1/2013,38.2557,38.1177,,,
6/28/2013,35.5974,38.2536,,,
6/27/2013,35.0869,38.4095,,,
6/26/2013,37.034,38.5221,,,
6/25/2013,37.7534,38.5315,,,
6/24/2013,41.36,38.4189,,,
6/21/2013,39.262,38.0923,,,
6/20/2013,38.3992,37.8895,,,
6/19/2013,34.7244,37.7538,,,
6/18/2013,35.8839,37.8515,,,
6/17/2013,37.3578,37.7845,,,
6/14/2013,37.0543,37.6721,,,
6/13/2013,38.3276,37.5968,,,
6/12/2013,40.1348,37.4461,,,
6/11/2013,39.8161,37.1589,,,
6/10/2013,38.0433,36.8364,,,
6/7/2013,37.782,36.588,,,
6/6/2013,39.3908,36.3795,,,
6/5/2013,41.1326,36.1115,,,
6/4/2013,39.957,35.7581,,,
6/3/2013,40.9745,35.4898,,,
5/31/2013,38.7156,35.1284,,,
5/30/2013,37.3378,34.9244,,,
5/29/2013,37.2227,34.8609,,,
5/28/2013,35.5018,34.8169,,,
5/24/2013,34.8269,34.8847,,,
5/23/2013,35.2066,34.9339,,,
5/22/2013,35.685,34.8912,,,
5/21/2013,36.6793,35.0227,,,
5/20/2013,34.5436,35.2005,,,
5/17/2013,35.1088,35.6418,,,
5/16/2013,35.55,36.0102,,,
5/15/2013,35.3127,36.6337,,,
5/14/2013,34.3903,37.2392,,,
5/13/2013,33.3672,37.7773,,,
5/10/2013,33.0751,38.6485,,,
5/9/2013,33.6125,39.0336,,,
5/8/2013,34.0304,39.3651,,,
5/7/2013,34.0642,39.7067,,,
5/6/2013,34.5908,40.0748,,,
5/3/2013,33.7468,40.4244,,,
5/2/2013,34.6346,40.7726,,,
5/1/2013,36.0681,41.0863,,,
4/30/2013,36.3433,41.2352,,,
4/29/2013,36.8574,41.0985,,,
4/26/2013,35.8109,40.7566,,,
4/25/2013,34.3524,40.4671,,,
4/24/2013,38.3149,40.3103,,,
4/23/2013,40.236,39.9675,,,
4/22/2013,43.3705,39.4981,,,
4/19/2013,42.4767,38.8551,,,
4/18/2013,48.0196,38.269,,,
4/17/2013,47.4218,37.454,,,
4/16/2013,45.1531,36.6628,,,
4/15/2013,50.7919,35.9838,,,
4/12/2013,40.7771,35.0645,,,
4/11/2013,40.2422,34.6728,,,
4/10/2013,40.8618,34.329,,,
4/9/2013,41.4261,33.9376,,,
4/8/2013,41.5822,33.5235,,,
4/5/2013,40.7108,33.0634,,,
4/3/2013,40.91,32.6963,,,
4/2/2013,39.0461,32.4049,,,
4/1/2013,33.6087,32.2313,,,
3/28/2013,30.0202,32.2989,,,
3/27/2013,30.0193,32.4767,,,
3/26/2013,31.2166,32.6613,,,
3/25/2013,31.4602,32.9094,,,
3/22/2013,30.8468,33.2092,,,
3/21/2013,30.511,33.4069,,,
3/20/2013,30.755,33.6656,,,
3/19/2013,31.719,33.9203,,,
3/18/2013,31.597,34.0578,,,
3/15/2013,31.5734,34.2332,,,
3/14/2013,32.4063,34.4105,,,
3/13/2013,32.9424,34.5687,,,
3/12/2013,33.367,34.7491,,,
3/11/2013,33.0346,34.9124,,,
3/8/2013,33.1429,35.0648,,,
3/7/2013,32.3801,35.2564,,,
3/6/2013,33.3696,35.45,,,
3/5/2013,35.0815,35.6105,,,
3/4/2013,35.5754,35.6262,,,
3/1/2013,34.9591,35.6266,,,
2/28/2013,33.5763,35.6746,,,
2/27/2013,33.7121,35.7697,,,
2/26/2013,36.1791,35.8556,,,
2/25/2013,37.4556,35.7484,,,
2/22/2013,34.8001,35.484,,,
2/21/2013,35.6859,35.6974,,,
2/20/2013,35.848,35.9026,,,
2/19/2013,34.4703,36.0459,,,
2/15/2013,35.1034,36.2511,,,
2/14/2013,35.1205,36.4471,,,
2/13/2013,35.5708,36.6681,,,
2/12/2013,36.5501,36.8897,,,
2/11/2013,36.6318,36.9399,,,
2/7/2013,36.0835,36.9857,,,
2/6/2013,36.9742,37.0845,,,
2/5/2013,36.2528,37.1406,,,
2/4/2013,36.5788,37.2006,,,
2/1/2013,35.3956,37.1012,,,
1/31/2013,35.5837,37.1405,,,
1/30/2013,35.9185,37.1516,,,
1/29/2013,35.4802,37.3517,,,
1/28/2013,35.4286,37.5566,,,
1/25/2013,34.0365,37.7412,,,
1/24/2013,32.1668,37.9964,,,
1/23/2013,39.0683,38.308,,,
1/22/2013,39.7892,38.2623,,,
1/18/2013,38.7151,38.1704,,,
1/17/2013,38.5738,38.12,,,
1/16/2013,39.024,38.0926,,,
1/15/2013,39.5406,38.0904,,,
1/14/2013,40.0028,38.0658,,,
1/11/2013,37.5533,38.0276,,,
1/10/2013,37.547,37.9823,,,
1/9/2013,38.06,37.937,,,
1/8/2013,38.0968,37.8479,,,
1/7/2013,37.4534,37.7257,,,
1/4/2013,34.5896,37.6577,,,
1/3/2013,36.1809,37.6995,,,
1/2/2013,35.806,37.7141,,,
12/31/2012,39.9204,37.7733,,,
12/28/2012,39.5797,37.5133,,,
12/27/2012,39.1193,37.2798,,,
12/26/2012,39.1412,37.1222,,,
12/24/2012,38.3987,36.9715,,,
12/21/2012,38.155,36.9,,,
12/20/2012,37.9497,36.7769,,,
12/19/2012,37.7082,36.6699,,,
12/18/2012,38.0251,36.6316,,,
12/17/2012,38.98,36.6207,,,
12/14/2012,39.0486,36.7498,,,
12/13/2012,39.2395,36.8972,,,
12/12/2012,36.6459,37.0362,,,
12/11/2012,36.6411,37.1606,,,
12/10/2012,36.2799,37.3202,,,
12/7/2012,35.6522,37.4688,,,
12/6/2012,36.0924,37.6683,,,
12/5/2012,35.4265,37.8728,,,
12/4/2012,36.4726,38.1389,,,
12/3/2012,36.991,38.3542,,,
11/30/2012,34.7201,38.4907,,,
11/29/2012,34.9098,38.7722,,,
11/28/2012,35.966,39.1414,,,
11/27/2012,36.1281,39.5821,,,
11/26/2012,36.9684,39.9664,,,
11/23/2012,35.6933,40.1727,,,
11/21/2012,35.8084,40.5187,,,
11/20/2012,36.9431,41.1073,,,
11/19/2012,37.807,41.564,,,
11/16/2012,41.5625,41.7872,,,
11/15/2012,41.9965,41.8045,,,
11/14/2012,42.0198,41.8373,,,
11/13/2012,39.1334,41.8739,,,
11/12/2012,39.8336,42.1165,,,
11/9/2012,39.2506,42.358,,,
11/8/2012,39.6422,42.545,,,
11/7/2012,40.1828,42.7328,,,
11/6/2012,40.7494,42.9384,,,
11/5/2012,40.7788,43.0762,,,
11/2/2012,39.7201,43.1819,,,
11/1/2012,40.3502,43.2483,,,
10/31/2012,42.294,43.2212,,,
10/30/2012,44.7792,43.1112,,,
10/29/2012,43.8148,42.9306,,,
10/26/2012,41.0948,42.9305,,,
10/25/2012,42.6122,43.0858,,,
10/24/2012,47.58,43.2134,,,
10/23/2012,46.0778,43.0722,,,
10/22/2012,42.2714,42.9702,,,
10/19/2012,41.9075,43.0123,,,
10/18/2012,42.6537,42.998,,,
10/17/2012,42.7519,43.0366,,,
10/16/2012,43.9855,43.1223,,,
10/15/2012,44.664,43.2327,,,
10/12/2012,42.9894,43.225,,,
10/11/2012,43.3995,43.1884,,,
10/10/2012,44.2935,43.1238,,,
10/9/2012,43.5059,43.0272,,,
10/8/2012,42.8919,43.0243,,,
10/5/2012,41.0481,43.0408,,,
10/4/2012,39.8087,43.1084,,,
10/3/2012,40.0949,43.3099,,,
10/2/2012,41.1666,43.6452,,,
10/1/2012,43.8131,43.8951,,,
9/28/2012,44.1994,43.8151,,,
9/27/2012,45.1661,43.7712,,,
9/26/2012,44.7546,43.6483,,,
9/25/2012,44.0376,43.5373,,,
9/24/2012,43.1146,43.422,,,
9/21/2012,41.6212,43.2955,,,
9/20/2012,43.426,43.2597,,,
9/19/2012,44.4652,43.0349,,,
9/18/2012,46.1944,42.7339,,,
9/17/2012,44.5102,42.378,,,
9/14/2012,42.2564,42.111,,,
9/13/2012,42.1083,42.0106,,,
9/12/2012,42.3609,41.8722,,,
9/11/2012,43.4474,41.7639,,,
9/10/2012,43.2226,41.6741,,,
9/7/2012,42.3996,41.5122,,,
9/6/2012,43.8382,41.3334,,,
9/5/2012,46.8024,41.1558,,,
9/4/2012,46.1648,40.8433,,,
8/31/2012,42.2112,40.577,,,
8/30/2012,43.3217,40.5145,,,
8/29/2012,42.7093,40.5821,,,
8/28/2012,42.5346,40.6958,,,
8/27/2012,41.7303,40.8022,,,
8/24/2012,40.5853,40.993,,,
8/23/2012,40.9043,41.2596,,,
8/22/2012,38.9302,41.6235,,,
8/21/2012,38.4466,42.3352,,,
8/20/2012,39.075,43.155,,,
8/17/2012,39.171,43.7463,,,
8/16/2012,40.2476,44.1821,,,
8/15/2012,39.342,44.5097,,,
8/14/2012,40.1942,44.8278,,,
8/13/2012,41.6505,45.1311,,,
8/10/2012,39.9846,45.3672,,,
8/9/2012,38.8234,45.6544,,,
8/8/2012,40.2871,46.114,,,
8/7/2012,40.5531,46.4593,,,
8/6/2012,40.8376,46.7606,,,
8/3/2012,40.9616,46.99,,,
8/2/2012,44.6732,47.1581,,,
8/1/2012,44.9843,47.1924,,,
7/31/2012,44.662,47.1352,,,
7/30/2012,45.5474,47.0357,,,
7/27/2012,45.9162,46.8713,,,
7/26/2012,48.1816,46.8864,,,
7/25/2012,53.1641,46.8207,,,
7/24/2012,54.843,46.5575,,,
7/23/2012,50.9009,46.1914,,,
7/20/2012,47.8869,45.8552,,,
7/19/2012,46.8002,45.7319,,,
7/18/2012,45.7032,45.5128,,,
7/17/2012,46.262,45.3891,,,
7/16/2012,46.3726,45.3663,,,
7/13/2012,45.7276,45.5834,,,
7/12/2012,48.0163,45.9603,,,
7/11/2012,47.1913,46.2772,,,
7/10/2012,46.5798,46.5947,,,
7/9/2012,45.4252,47.0115,,,
7/6/2012,44.3246,47.3129,,,
7/5/2012,45.3585,47.6442,,,
7/3/2012,43.8399,47.9615,,,
7/2/2012,42.6725,48.5185,,,
6/29/2012,42.2603,49.3074,,,
6/28/2012,46.2178,49.9625,,,
6/27/2012,46.867,50.1859,,,
6/26/2012,47.9012,50.321,,,
6/25/2012,47.5195,50.2887,,,
6/22/2012,44.1778,50.2828,,,
6/21/2012,45.4213,50.4928,,,
6/20/2012,42.4174,50.5583,,,
6/19/2012,43.2287,50.8025,,,
6/18/2012,45.8074,51.0029,,,
6/15/2012,50.7142,51.3898,,,
6/14/2012,53.2645,51.4016,,,
6/13/2012,54.355,51.0979,,,
6/12/2012,53.5412,50.6905,,,
6/11/2012,54.9163,50.3434,,,
6/8/2012,51.4528,49.7289,,,
6/7/2012,50.9504,49.2266,,,
6/6/2012,51.7045,48.8299,,,
6/5/2012,54.9807,48.4687,,,
6/4/2012,58.4502,47.8646,,,
6/1/2012,55.3616,46.9054,,,
5/31/2012,50.6857,46.1424,,,
5/30/2012,49.5696,45.5559,,,
5/29/2012,47.2558,45.0084,,,
5/25/2012,47.4012,44.6161,,,
5/24/2012,48.3771,44.1224,,,
5/23/2012,46.7322,43.5949,,,
5/22/2012,47.3006,43.4291,,,
5/21/2012,47.2364,43.3386,,,
5/18/2012,53.5461,43.2965,,,
5/17/2012,50.9495,42.8291,,,
5/16/2012,47.1912,42.6489,,,
5/15/2012,46.2063,42.6118,,,
5/14/2012,46.6,42.6448,,,
5/11/2012,42.6255,42.7805,,,
5/10/2012,41.4075,43.0505,,,
5/9/2012,43.0157,43.3107,,,
5/8/2012,44.4809,43.6089,,,
5/7/2012,42.8995,43.9027,,,
5/4/2012,39.2662,44.2584,,,
5/3/2012,40.1004,44.6201,,,
5/2/2012,38.9566,44.9524,,,
5/1/2012,38.619,45.2771,,,
4/30/2012,39.4091,45.6276,,,
4/27/2012,37.5276,45.9225,,,
4/26/2012,37.8286,46.4058,,,
4/25/2012,43.4157,46.8629,,,
4/24/2012,45.4894,46.972,,,
4/23/2012,46.3959,46.9786,,,
4/20/2012,44.1975,47.0137,,,
4/19/2012,47.3456,47.2286,,,
4/18/2012,46.449,47.1398,,,
4/17/2012,46.8658,47.1358,,,
4/16/2012,49.315,47.1143,,,
4/13/2012,48.0246,47.1171,,,
4/12/2012,46.611,47.1899,,,
4/11/2012,48.9806,47.2977,,,
4/10/2012,50.3566,47.3002,,,
4/9/2012,50.0134,47.1842,,,
4/5/2012,46.4999,46.9955,,,
4/4/2012,46.7461,47.1262,,,
4/3/2012,45.4523,47.3702,,,
4/2/2012,45.6291,47.9473,,,
3/30/2012,45.3061,48.2902,,,
3/29/2012,47.1943,48.4725,,,
3/28/2012,46.9708,48.692,,,
3/27/2012,45.5969,48.8905,,,
3/26/2012,45.6217,49.1677,,,
3/23/2012,47.098,49.4965,,,
3/22/2012,48.4959,49.6686,,,
3/21/2012,45.5696,49.8182,,,
3/20/2012,46.3678,50.0702,,,
3/19/2012,46.4372,50.3816,,,
3/16/2012,49.3697,50.2431,,,
3/15/2012,49.4806,49.9809,,,
3/14/2012,48.7673,49.8746,,,
3/13/2012,49.0307,49.7328,,,
3/12/2012,48.0358,49.4908,,,
3/9/2012,46.2404,49.3282,,,
3/8/2012,49.114,49.1255,,,
3/7/2012,51.6262,48.8221,,,
3/6/2012,56.9943,48.3851,,,
3/5/2012,52.4871,47.7079,,,
3/2/2012,48.9511,47.2104,,,
3/1/2012,51.5842,46.7688,,,
2/29/2012,50.942,46.2107,,,
2/28/2012,51.1397,45.7478,,,
2/27/2012,52.199,45.3558,,,
2/24/2012,50.5387,44.7762,,,
2/23/2012,51.4887,44.1495,,,
2/22/2012,50.6094,43.9254,,,
2/21/2012,52.5959,43.7038,,,
2/17/2012,43.6681,43.2352,,,
2/16/2012,44.1242,43.3156,,,
2/15/2012,47.3556,43.3155,,,
2/14/2012,45.9318,43.3504,,,
2/13/2012,44.1905,43.4576,,,
2/10/2012,44.7824,43.5881,,,
2/9/2012,42.1863,43.7075,,,
2/8/2012,43.0461,43.876,,,
2/7/2012,42.8877,43.914,,,
2/6/2012,43.4491,44.0141,,,
2/3/2012,42.537,44.0745,,,
2/2/2012,40.1187,44.297,,,
2/1/2012,40.4222,44.7175,,,
1/31/2012,41.6851,45.2562,,,
1/30/2012,43.2989,45.5251,,,
1/27/2012,40.6082,45.6906,,,
1/26/2012,38.0042,45.9421,,,
1/25/2012,47.0069,46.2122,,,
1/24/2012,46.1775,45.618,,,
1/23/2012,43.2245,45.0672,,,
1/20/2012,45.2758,44.7336,,,
1/19/2012,44.122,44.4357,,,
1/18/2012,48.0538,44.2659,,,
1/17/2012,48.0753,44.1136,,,
1/13/2012,46.7998,43.9691,,,
1/12/2012,47.1704,43.6545,,,
1/11/2012,45.5569,43.4634,,,
1/10/2012,43.8063,43.4519,,,
1/9/2012,44.8893,43.57,,,
1/6/2012,44.6573,43.7471,,,
1/5/2012,46.9875,43.9599,,,
1/4/2012,48.5274,43.8806,,,
1/3/2012,51.1972,43.8043,,,
12/30/2011,47.0635,43.7247,,,
12/29/2011,46.6088,44.0664,,,
12/28/2011,45.6385,44.4793,,,
12/27/2011,43.4054,45.0146,,,
12/23/2011,35.1222,45.4247,,,
12/22/2011,35.163,46.4202,,,
12/21/2011,36.5522,47.466,,,
12/20/2011,39.3177,48.2201,,,
12/19/2011,40.7247,48.9478,,,
12/16/2011,45.0093,49.5441,,,
12/15/2011,45.1838,50.0659,,,
12/14/2011,40.5094,50.5315,,,
12/13/2011,43.3482,51.0259,,,
12/12/2011,45.3255,51.3955,,,
12/9/2011,46.1691,51.6202,,,
12/8/2011,48.4306,52.0083,,,
12/7/2011,48.9136,52.182,,,
12/6/2011,45.4024,51.9721,,,
12/5/2011,47.0018,52.0369,,,
12/2/2011,49.6035,52.1049,,,
12/1/2011,53.8974,52.0859,,,
11/30/2011,54.8678,51.9294,,,
11/29/2011,56.3436,51.8345,,,
11/28/2011,51.6087,51.4885,,,
11/25/2011,55.0317,51.1323,,,
11/23/2011,56.0787,50.6343,,,
11/22/2011,51.6341,50.4475,,,
11/21/2011,53.8717,50.5602,,,
11/18/2011,52.6514,50.4337,,,
11/17/2011,55.445,50.6359,,,
11/16/2011,54.4965,50.9028,,,
11/15/2011,50.3975,51.1171,,,
11/14/2011,50.7385,51.4328,,,
11/11/2011,49.8212,51.8153,,,
11/10/2011,53.9294,52.0709,,,
11/9/2011,51.9056,52.2895,,,
11/8/2011,44.7146,52.502,,,
11/7/2011,46.6991,53.1493,,,
11/4/2011,48.3626,53.8635,,,
11/3/2011,49.2236,54.6659,,,
11/2/2011,50.767,55.4388,,,
11/1/2011,52.9688,56.2699,,,
10/31/2011,49.4235,57.6374,,,
10/28/2011,44.4857,59.877,,,
10/27/2011,45.071,61.0792,,,
10/26/2011,52.3433,61.9562,,,
10/25/2011,53.8876,62.3796,,,
10/24/2011,51.3427,62.7156,,,
10/21/2011,56.6948,63.1846,,,
10/20/2011,60.7838,63.5166,,,
10/19/2011,58.7814,63.5678,,,
10/18/2011,56.7118,63.4653,,,
10/17/2011,58.3878,63.3119,,,
10/14/2011,54.933,63.1633,,,
10/13/2011,58.3017,63.141,,,
10/12/2011,56.1565,63.051,,,
10/11/2011,57.6594,63.297,,,
10/10/2011,60.984,63.6195,,,
10/7/2011,64.4102,64.0432,,,
10/6/2011,64.682,64.3428,,,
10/5/2011,67.3881,64.2687,,,
10/4/2011,80.3203,63.9192,,,
10/3/2011,94.214,63.2935,,,
9/30/2011,68.5307,61.5876,,,
9/29/2011,62.6113,61.0644,,,
9/28/2011,60.81,60.9429,,,
9/27/2011,60.6091,60.8421,,,
9/26/2011,60.7213,60.8832,,,
9/23/2011,63.3359,60.9627,,,
9/22/2011,61.8082,61.2661,,,
9/21/2011,56.7303,61.4786,,,
9/20/2011,53.6445,62.0601,,,
9/19/2011,55.4158,63.1473,,,
9/16/2011,54.4861,64.1811,,,
9/15/2011,56.5014,65.0633,,,
9/14/2011,61.078,65.2878,,,
9/13/2011,64.1086,65.3153,,,
9/12/2011,69.4572,65.2317,,,
9/9/2011,70.4027,65.2115,,,
9/8/2011,63.1996,65.4636,,,
9/7/2011,60.3995,66.3371,,,
9/6/2011,67.8064,66.8821,,,
9/2/2011,60.0954,67.7659,,,
9/1/2011,58.0661,68.2126,,,
8/31/2011,60.1818,68.8393,,,
8/30/2011,58.7947,68.6302,,,
8/29/2011,61.4312,68.6477,,,
8/26/2011,62.3097,68.3921,,,
8/25/2011,69.4047,68.1086,,,
8/24/2011,66.0577,67.26,,,
8/23/2011,68.3599,66.4574,,,
8/22/2011,75.39,65.1555,,,
8/19/2011,76.0907,63.4839,,,
8/18/2011,72.1316,61.4689,,,
8/17/2011,60.991,59.6925,,,
8/16/2011,61.6278,58.9997,,,
8/15/2011,62.4367,58.3248,,,
8/12/2011,69.0535,57.5493,,,
8/11/2011,75.4448,56.2506,,,
8/10/2011,80.6688,54.7496,,,
8/9/2011,71.3002,52.9523,,,
8/8/2011,85.4815,51.7222,,,
8/5/2011,69.0296,49.7078,,,
8/4/2011,70.5992,48.3194,,,
8/3/2011,56,46.8127,,,
8/2/2011,59.1452,46.131,,,
8/1/2011,56.3198,45.2302,,,
7/29/2011,56.6383,44.3099,,,
7/28/2011,52.4334,43.3745,,,
7/27/2011,50.0059,42.6916,,,
7/26/2011,42.3227,42.3087,,,
7/25/2011,41.9574,42.3186,,,
7/22/2011,35.7905,42.3673,,,
7/21/2011,36.6041,42.6369,,,
7/20/2011,47.1346,42.7405,,,
7/19/2011,48.1294,42.4086,,,
7/18/2011,46.9263,42.1904,,,
7/15/2011,43.0805,42.3362,,,
7/14/2011,45.425,42.7622,,,
7/13/2011,44.7225,42.9397,,,
7/12/2011,46.698,42.9549,,,
7/11/2011,45.1932,42.9452,,,
7/8/2011,41.262,42.985,,,
7/7/2011,40.4648,43.2124,,,
7/6/2011,42.3658,43.5565,,,
7/5/2011,41.13,43.8467,,,
7/1/2011,37.9143,44.2633,,,
6/30/2011,37.9294,44.5566,,,
6/29/2011,38.7754,44.8454,,,
6/28/2011,42.3473,45.0959,,,
6/27/2011,42.5215,44.9904,,,
6/24/2011,42.9319,44.8723,,,
6/23/2011,41.1811,44.747,,,
6/22/2011,38.676,44.7613,,,
6/21/2011,40.4976,44.891,,,
6/20/2011,43.7657,44.9788,,,
6/17/2011,49.8415,44.8908,,,
6/16/2011,51.6006,44.5202,,,
6/15/2011,48.9762,44.1959,,,
6/14/2011,45.026,44.0077,,,
6/13/2011,46.5044,44.107,,,
6/10/2011,45.9891,44.0591,,,
6/9/2011,45.8095,44.0425,,,
6/8/2011,47.3476,44.1608,,,
6/7/2011,48.1687,44.0053,,,
6/6/2011,49.4631,43.7578,,,
6/3/2011,43.7796,43.4872,,,
6/2/2011,43.7056,43.5172,,,
6/1/2011,43.7857,43.5084,,,
5/31/2011,40.2374,43.4473,,,
5/27/2011,40.1582,43.6405,,,
5/26/2011,40.4258,43.785,,,
5/25/2011,41.4684,43.9658,,,
5/24/2011,41.2699,44.0711,,,
5/23/2011,42.2531,44.2668,,,
5/20/2011,42.0063,44.5235,,,
5/19/2011,42.4282,44.5614,,,
5/18/2011,45.1142,45.0827,,,
5/17/2011,45.213,45.4892,,,
5/16/2011,47.012,46.0407,,,
5/13/2011,45.546,46.438,,,
5/12/2011,45.6568,46.9972,,,
5/11/2011,48.1764,47.5782,,,
5/10/2011,44.2384,47.9554,,,
5/9/2011,43.2177,48.6543,,,
5/6/2011,44.0503,49.4169,,,
5/5/2011,44.38,49.7806,,,
5/4/2011,43.5306,50.3832,,,
5/3/2011,42.5627,50.9467,,,
5/2/2011,44.1029,51.4127,,,
4/29/2011,43.0473,51.6708,,,
4/28/2011,44.0426,52.0291,,,
4/27/2011,43.5739,52.2803,,,
4/26/2011,45.1838,52.6243,,,
4/25/2011,47.386,52.8984,,,
4/21/2011,42.7656,52.9803,,,
4/20/2011,52.8536,53.3081,,,
4/19/2011,53.2442,53.162,,,
4/18/2011,56.2439,53.0089,,,
4/15/2011,54.9567,52.7105,,,
4/14/2011,56.7298,52.6326,,,
4/13/2011,57.277,52.805,,,
4/12/2011,55.7202,53.019,,,
4/11/2011,58.2172,53.1614,,,
4/8/2011,58.4692,52.9495,,,
4/7/2011,51.3251,52.4636,,,
4/6/2011,56.4326,52.3605,,,
4/5/2011,54.7993,51.9579,,,
4/4/2011,51.8832,51.6412,,,
4/1/2011,49.2656,52.0779,,,
3/31/2011,50.2119,51.6339,,,
3/30/2011,49.0663,51.1425,,,
3/29/2011,50.4557,50.7085,,,
3/28/2011,50.6643,50.2049,,,
3/25/2011,49.025,49.691,,,
3/24/2011,49.3217,49.259,,,
3/23/2011,49.932,48.8121,,,
3/22/2011,50.1808,48.3348,,,
3/21/2011,50.2773,47.845,,,
3/18/2011,53.3986,47.3504,,,
3/17/2011,60.1774,46.6997,,,
3/16/2011,61.557,45.7101,,,
3/15/2011,58.5686,44.6515,,,
3/14/2011,53.9781,43.7423,,,
3/11/2011,48.7508,43.0626,,,
3/10/2011,49.2634,42.6443,,,
3/9/2011,48.3812,42.2004,,,
3/8/2011,48.4656,41.8006,,,
3/7/2011,60.6168,41.3966,,,
5/16/2003,40.385,40.385,,,
5/15/2003,40.385,40.385,,,
5/14/2003,40.385,40.385,,,
5/13/2003,40.385,40.385,,,
5/12/2003,40.385,40.385,,,
5/9/2003,40.385,40.385,,,
5/8/2003,40.385,40.385,,,
5/7/2003,40.385,40.385,,,
5/6/2003,40.385,40.385,,,
5/5/2003,40.385,40.385,,,
5/2/2003,40.385,40.385,,,
5/1/2003,40.385,40.385,,,
4/30/2003,40.385,51.6537,,,
4/29/2003,40.385,61.569,,,
4/28/2003,40.385,72.0518,,,
4/25/2003,40.385,82.25,,,
4/24/2003,40.385,82.1287,,,
4/23/2003,40.385,90.0332,,,
4/22/2003,40.385,99.321,,,
4/21/2003,40.385,109.3922,,,
4/17/2003,40.385,117.6947,,,
4/16/2003,40.385,127.5835,,,
4/15/2003,40.385,136.1557,,,
4/14/2003,40.385,146.1702,,,
4/11/2003,40.385,154.7817,,,
4/10/2003,40.385,163.0355,,,
4/9/2003,40.385,169.9255,,,
4/8/2003,40.385,176.6077,,,
4/7/2003,40.385,183.43,,,
4/4/2003,40.385,190.3695,,,
4/3/2003,40.385,196.6262,,,
4/2/2003,265.76,203.1317,,,
4/1/2003,238.69,199.524,,,
3/31/2003,250.04,197.6295,,,
3/28/2003,244.35,193.7627,,,
3/27/2003,37.9595,191.0912,,,
3/26/2003,198.475,198.648,,,
3/25/2003,226.14,197.991,,,
3/24/2003,241.81,195.6675,,,
3/21/2003,206.435,192.3483,,,
3/20/2003,238.16,191.0878,,,
3/19/2003,211.83,188.2275,,,
3/18/2003,240.675,186.6783,,,
3/17/2003,212.615,183.5485,,,
3/14/2003,205.46,188.5681,,,
3/13/2003,178.185,195.5848,,,
3/12/2003,174.03,191.4543,,,
3/11/2003,176.83,197.8208,,,
3/10/2003,179.175,205.4451,,,
3/7/2003,165.52,211.0314,,,
3/6/2003,170.495,217.4037,,,
3/5/2003,193.605,221.2551,,,
3/4/2003,200.8,226.4611,,,
3/3/2003,172.705,232.2111,,,
2/28/2003,190.92,238.0283,,,
2/27/2003,189.095,242.0583,,,
2/26/2003,185.335,242.823,,,
2/25/2003,179.67,245.2327,,,
2/24/2003,175.425,248.7243,,,
2/21/2003,181.225,250.9151,,,
2/20/2003,180.955,253.0186,,,
2/19/2003,180.845,254.3224,,,
2/18/2003,178.08,255.6931,,,
2/14/2003,313.007,257.4271,,,
2/13/2003,345.794,254.7575,,,
2/12/2003,95.5746,247.5681,,,
2/11/2003,301.36,253.5188,,,
2/10/2003,329.317,248.8754,,,
2/7/2003,290.9,243.9205,,,
2/6/2003,292.967,240.8804,,,
2/5/2003,247.522,239.0556,,,
2/4/2003,297.726,238.0365,,,
2/3/2003,315.8,235.569,,,
1/31/2003,289.049,232.7151,,,
1/30/2003,271.519,232.6679,,,
1/29/2003,204.39,230.6231,,,
1/28/2003,233.529,232.0805,,,
1/27/2003,249.502,231.9953,,,
1/24/2003,219.241,230.9011,,,
1/23/2003,223.295,231.6785,,,
1/22/2003,207.03,232.2773,,,
1/21/2003,208.26,234.2194,,,
1/17/2003,212.76,236.3827,,,
1/16/2003,259.615,238.5302,,,
1/15/2003,202.005,236.4217,,,
1/14/2003,214.59,240.2458,,,
1/13/2003,208.49,243.4528,,,
1/10/2003,230.219,248.4474,,,
1/9/2003,230.099,251.4855,,,
1/8/2003,256.472,255.7628,,,
1/7/2003,227.138,255.5855,,,
1/6/2003,248.376,265.068,,,
1/3/2003,258.723,273.414,,,
1/2/2003,288.105,288.105,,,
